variant	stable_gene	bundle_gain	bundle_gain_position	bundle_loss	bundle_loss_position	model_gain	model_gain_position	model_loss	model_loss_position
GRCh38:chr1:1000000:G:T	ENSG00000188290	0.00	-50	0.00	-50	0.00	-2	0.00	-50
GRCh38:chr1:2000000:C:G	ENSG00000142609	0.00	-50	0.00	-50	0.00	-1	0.00	-49
GRCh38:chr1:2500000:G:T	ENSG00000149527	0.00	-50	0.00	-50	0.00	4	0.00	-50
GRCh38:chr1:3500000:C:G	ENSG00000162591	0.02	10	0.00	-50	0.02	45	0.00	-49
GRCh38:chr1:6000000:T:A	ENSG00000069424	0.00	-50	0.00	-50	0.00	27	0.00	-50
GRCh38:chr1:6500000:C:G	ENSG00000171680	0.02	-41	0.00	-50	0.02	-41	0.00	-50
GRCh38:chr1:7000000:A:C	ENSG00000171735	0.00	-50	0.00	-50	0.00	26	0.00	-50
GRCh38:chr1:7500000:T:A	ENSG00000171735	0.00	-50	0.00	-50	0.00	-16	0.00	-50
GRCh38:chr1:8500000:G:T	ENSG00000142599	0.00	-50	0.00	-50	0.00	-21	0.00	-50
GRCh38:chr1:10000000:C:G	ENSG00000162444	0.00	-50	0.00	-50	0.00	25	0.00	-50
GRCh38:chr1:10500000:T:A	ENSG00000142655	0.00	-50	0.00	-50	0.00	-1	0.00	-49
GRCh38:chr1:11500000:G:T	ENSG00000204624	0.01	-34	0.00	-50	0.01	-34	0.00	-48
GRCh38:chr1:12000000:G:T	ENSG00000116688	0.00	-50	0.00	-50	0.00	-26	0.00	-50
GRCh38:chr1:12500000:T:A	ENSG00000048707	0.00	-50	0.00	-50	0.00	4	0.00	-50
GRCh38:chr1:13500000:C:G	ENSG00000162494	0.00	-50	0.00	-50	0.00	-2	0.00	-50
GRCh38:chr1:14000000:G:T	ENSG00000189337	0.00	-50	0.00	-50	0.00	17	0.00	-50
GRCh38:chr1:14500000:A:C	ENSG00000189337	0.00	-50	0.00	-50	0.00	37	0.00	-50
GRCh38:chr1:15000000:T:A	ENSG00000189337	0.00	-50	0.00	-50	0.00	5	0.00	-50
GRCh38:chr1:15500000:G:T	ENSG00000132906	0.00	-50	0.00	-50	0.00	0	0.00	-50
GRCh38:chr1:17000000:T:A	ENSG00000159363	0.00	-50	0.00	-50	0.00	-2	0.00	-50
GRCh38:chr1:19500000:A:C	ENSG00000173436	0.00	-50	0.00	-50	0.00	1	0.00	-50
GRCh38:chr1:20500000:A:C	ENSG00000090432	0.00	-50	0.00	-50	0.00	-18	0.00	-50
GRCh38:chr1:21000000:A:C	ENSG00000075151	0.01	-42	0.00	-50	0.01	-42	0.00	-50
GRCh38:chr1:22500000:A:C	ENSG00000184677	0.00	-50	0.00	-50	0.00	-4	0.00	-50
GRCh38:chr1:25500000:G:T	ENSG00000204178	0.00	-50	0.00	-50	0.00	-1	0.00	-50
GRCh38:chr1:27000000:G:T	ENSG00000253368	0.25	-2	0.00	-50	0.25	-2	0.00	-50
GRCh38:chr1:28000000:A:C	ENSG00000158161	0.00	-50	0.00	-50	0.00	1	0.00	-40
GRCh38:chr1:28500000:G:T	ENSG00000204138	0.04	11	0.00	-50	0.04	11	0.00	-50
GRCh38:chr1:29000000:A:C	ENSG00000159023	0.00	-50	0.00	-50	0.00	9	0.00	-50
GRCh38:chr1:31000000:A:C	ENSG00000134644	0.00	-50	0.00	-50	0.00	42	0.00	-50
GRCh38:chr1:32500000:A:C	ENSG00000254553	0.00	-50	0.00	-50	0.00	0	0.00	-50
GRCh38:chr1:33500000:G:T	ENSG00000121903	0.00	-50	0.00	-50	0.00	-19	0.00	-50
GRCh38:chr1:34000000:C:G	ENSG00000121904	0.01	-1	0.00	-50	0.01	-1	0.00	-49
GRCh38:chr1:35000000:C:G	ENSG00000163867	0.00	-50	0.00	-50	0.00	-22	0.00	-50
GRCh38:chr1:35000000:C:G	ENSG00000271741	0.00	-50	0.00	-50	0.00	-22	0.00	-50
GRCh38:chr1:35500000:G:T	ENSG00000142687	0.00	-50	0.00	-50	0.00	-1	0.00	-50
GRCh38:chr1:36000000:C:G	ENSG00000126070	0.00	-50	0.00	-50	0.00	-3	0.00	-50
GRCh38:chr1:37000000:A:C	ENSG00000163873	0.02	-31	0.00	-50	0.02	-31	0.00	-50
GRCh38:chr1:37500000:T:A	ENSG00000163875	0.00	-50	0.00	-50	0.00	-2	0.00	-50
GRCh38:chr1:38000000:A:C	ENSG00000183386	0.00	-50	0.00	-50	0.00	-16	0.00	-46
GRCh38:chr1:39000000:A:C	ENSG00000174574	0.00	-50	0.00	-50	0.00	2	0.00	-50
GRCh38:chr1:39500000:T:A	ENSG00000183682	0.00	-50	0.00	-50	0.00	-2	0.00	-50
GRCh38:chr1:41000000:A:C	ENSG00000171793	0.00	-50	0.00	-50	0.00	-24	0.00	-50
GRCh38:chr1:42000000:A:C	ENSG00000127124	0.00	-50	0.00	-50	0.00	9	0.00	-50
GRCh38:chr1:42500000:T:A	ENSG00000186409	0.00	-50	0.00	-50	0.00	18	0.00	-50
GRCh38:chr1:44000000:C:G	ENSG00000196517	0.00	-50	0.00	-50	0.00	0	0.00	-50
GRCh38:chr1:44500000:C:G	ENSG00000187147	0.00	-50	0.00	-50	0.00	-8	0.00	-50
GRCh38:chr1:45500000:T:A	ENSG00000280670	0.00	-50	0.00	-50	0.00	18	0.00	-50
GRCh38:chr1:46000000:G:T	ENSG00000086015	0.00	-50	0.00	-50	0.00	4	0.00	-50
GRCh38:chr1:46500000:T:A	ENSG00000197587	0.00	-50	0.00	-50	0.00	3	0.00	-50
GRCh38:chr1:49000000:T:A	ENSG00000186094	0.00	-50	0.00	-50	0.00	3	0.00	-50
GRCh38:chr1:49500000:A:C	ENSG00000186094	0.00	-50	0.00	-50	0.00	-9	0.00	-50
GRCh38:chr1:50000000:C:G	ENSG00000186094	0.00	-50	0.00	-50	0.00	1	0.00	-50
GRCh38:chr1:50500000:G:T	ENSG00000185104	0.00	-50	0.00	-50	0.00	28	0.00	-50
GRCh38:chr1:51500000:A:C	ENSG00000085832	0.00	-50	0.00	-50	0.00	-18	0.00	-50
GRCh38:chr1:52500000:T:A	ENSG00000134744	0.00	-50	0.00	-50	0.00	-7	0.00	-49
GRCh38:chr1:53000000:A:C	ENSG00000116171	0.00	-50	0.00	-50	0.00	14	0.00	-50
GRCh38:chr1:55000000:T:A	ENSG00000162399	0.00	-50	0.00	-50	0.00	-2	0.00	-50
GRCh38:chr1:56500000:T:A	ENSG00000162407	0.00	-50	0.00	-50	0.00	-20	0.00	-50
GRCh38:chr1:56500000:T:A	ENSG00000284686	0.00	-50	0.00	-50	0.00	-20	0.00	-50
GRCh38:chr1:57000000:A:C	ENSG00000173406	0.00	-50	0.00	-50	0.00	29	0.00	-50
GRCh38:chr1:57500000:G:T	ENSG00000173406	0.00	-50	0.00	-50	0.00	-47	0.00	-50
GRCh38:chr1:58000000:G:T	ENSG00000173406	0.00	-50	0.00	-50	0.00	-24	0.00	-50
GRCh38:chr1:58500000:C:G	ENSG00000162600	0.00	-50	0.00	-50	0.00	1	0.00	-50
GRCh38:chr1:58500000:C:G	ENSG00000173406	0.00	-50	0.00	-50	0.00	1	0.00	-50
GRCh38:chr1:59500000:A:C	ENSG00000172456	0.00	-50	0.00	-50	0.00	1	0.00	-50
GRCh38:chr1:60000000:A:C	ENSG00000162598	0.00	-50	0.00	-50	0.00	35	0.00	-50
GRCh38:chr1:61000000:A:C	ENSG00000162599	0.00	-50	0.00	-50	0.00	-1	0.00	-50
GRCh38:chr1:62000000:C:G	ENSG00000132849	0.00	-50	0.00	-50	0.00	20	0.00	-50
GRCh38:chr1:62500000:T:A	ENSG00000116641	0.00	-50	0.00	-50	0.00	-47	0.00	-50
GRCh38:chr1:63500000:C:G	ENSG00000142856	0.00	-50	0.00	-50	0.00	-20	0.00	-50
GRCh38:chr1:64000000:G:T	ENSG00000185483	0.00	-50	0.00	-50	0.00	-15	0.00	-50
GRCh38:chr1:64500000:T:A	ENSG00000158966	0.00	-50	0.00	-50	0.00	-4	0.00	-50
GRCh38:chr1:65000000:T:A	ENSG00000162434	0.00	-50	0.00	-50	0.00	-2	0.00	-50
GRCh38:chr1:65500000:G:T	ENSG00000116678	0.00	-50	0.00	-50	0.00	3	0.00	-50
GRCh38:chr1:66000000:A:C	ENSG00000184588	0.00	-50	0.00	-50	0.00	6	0.00	-50
GRCh38:chr1:67000000:T:A	ENSG00000116704	0.00	-50	0.00	-50	0.00	-4	0.00	-50
GRCh38:chr1:70000000:T:A	ENSG00000033122	0.00	-50	0.00	-50	0.00	20	0.00	-50
GRCh38:chr1:71000000:G:T	ENSG00000050628	0.00	-50	0.00	-50	0.00	11	0.00	-50
GRCh38:chr1:71500000:T:A	ENSG00000172260	0.06	-25	0.00	-50	0.06	-25	0.00	-50
GRCh38:chr1:72000000:T:A	ENSG00000172260	0.00	-50	0.00	-50	0.00	1	0.00	-50
GRCh38:chr1:74500000:G:T	ENSG00000116783	0.00	-50	0.00	-50	0.00	3	0.00	-50
GRCh38:chr1:74500000:G:T	ENSG00000162621	0.00	-50	0.00	-50	0.00	-15	0.00	-50
GRCh38:chr1:74500000:G:T	ENSG00000259030	0.00	-50	0.00	-50	0.00	3	0.00	-50
GRCh38:chr1:75500000:A:C	ENSG00000137968	0.00	-50	0.00	-50	0.00	9	0.00	-50
GRCh38:chr1:76500000:A:C	ENSG00000184005	0.00	-50	0.00	-50	0.00	3	0.00	-50
GRCh38:chr1:77000000:A:C	ENSG00000117069	0.00	-50	0.00	-50	0.00	-8	0.00	-49
GRCh38:chr1:77500000:T:A	ENSG00000154027	0.00	-50	0.00	-50	0.00	-7	0.00	-50
GRCh38:chr1:78000000:A:C	ENSG00000137960	0.00	-50	0.00	-50	0.00	-30	0.00	-50
GRCh38:chr1:78000000:A:C	ENSG00000162616	0.00	-50	0.00	-50	0.00	-30	0.00	-50
GRCh38:chr1:78500000:A:C	ENSG00000122420	0.00	-50	0.00	-50	0.00	-23	0.00	-50
GRCh38:chr1:79000000:T:A	ENSG00000162618	0.00	-50	0.00	-50	0.00	-2	0.00	-50
GRCh38:chr1:81500000:T:A	ENSG00000117114	0.00	-50	0.00	-50	0.00	25	0.00	-50
GRCh38:chr1:84500000:C:G	ENSG00000174021	0.00	-50	0.00	-50	0.00	0	0.00	-50
GRCh38:chr1:85000000:A:C	ENSG00000162643	0.00	-50	0.00	-50	0.00	-2	0.00	-50
GRCh38:chr1:85500000:C:G	ENSG00000153904	0.00	-50	0.00	-50	0.00	-8	0.00	-50
GRCh38:chr1:86000000:A:C	ENSG00000171502	0.00	-50	0.00	-50	0.00	-13	0.00	-50
GRCh38:chr1:86500000:A:C	ENSG00000016490	0.00	-50	0.00	-50	0.00	32	0.00	-50
GRCh38:chr1:87000000:A:C	ENSG00000153936	0.00	-50	0.00	-50	0.00	17	0.00	-50
GRCh38:chr1:87000000:A:C	ENSG00000267561	0.00	-50	0.00	-50	0.00	17	0.00	-50
GRCh38:chr1:90000000:T:A	ENSG00000162664	0.00	-50	0.00	-50	0.00	0	0.00	-50
GRCh38:chr1:91000000:T:A	ENSG00000122482	0.00	-50	0.00	-50	0.00	-22	0.00	-50
GRCh38:chr1:92000000:C:G	ENSG00000137948	0.00	-50	0.00	-50	0.00	38	0.00	-50
GRCh38:chr1:93500000:C:G	ENSG00000137942	0.00	-50	0.00	-50	0.00	1	0.00	-50
GRCh38:chr1:94000000:T:A	ENSG00000198691	0.00	-50	0.00	-50	0.00	-26	0.00	-50
GRCh38:chr1:94500000:A:C	ENSG00000117528	0.01	-35	0.00	-50	0.01	-35	0.00	-50
GRCh38:chr1:95000000:C:G	ENSG00000172339	0.00	-50	0.00	-50	0.00	15	0.00	-50
GRCh38:chr1:97500000:A:C	ENSG00000188641	0.02	1	0.00	-50	0.02	1	0.00	-50
GRCh38:chr1:99000000:T:A	ENSG00000117598	0.00	-50	0.00	-50	0.00	-10	0.00	-50
GRCh38:chr1:100000000:G:T	ENSG00000117620	0.00	-50	0.00	-50	0.00	5	0.00	-50
GRCh38:chr1:100000000:G:T	ENSG00000283761	0.00	-50	0.00	-50	0.00	5	0.00	-50
GRCh38:chr1:100500000:C:G	ENSG00000079335	0.00	-50	0.00	-50	0.00	5	0.00	-49
GRCh38:chr1:101000000:A:C	ENSG00000117543	0.00	-50	0.00	-50	0.00	-28	0.00	-50
GRCh38:chr1:103000000:C:G	ENSG00000060718	0.01	-23	0.00	-50	0.01	-23	0.00	-50
GRCh38:chr1:109000000:C:G	ENSG00000085433	0.00	-50	0.00	-50	0.00	0	0.00	-50
GRCh38:chr1:109500000:A:C	ENSG00000174151	0.00	-50	0.00	-50	0.00	-2	0.00	-50
GRCh38:chr1:110000000:T:A	ENSG00000168710	0.00	-50	0.00	-50	0.00	9	0.00	-50
GRCh38:chr1:111500000:A:C	ENSG00000121933	0.00	-50	0.00	-50	0.00	-46	0.00	-50
GRCh38:chr1:111500000:A:C	ENSG00000282608	0.00	-50	0.00	-50	0.00	-46	0.00	-50
GRCh38:chr1:112500000:T:A	ENSG00000134245	0.00	-50	0.00	-50	0.00	2	0.00	-50
GRCh38:chr1:113500000:T:A	ENSG00000081026	0.00	-50	0.00	-50	0.00	1	0.00	-50
GRCh38:chr1:114000000:T:A	ENSG00000116774	0.00	-50	0.00	-50	0.00	10	0.00	-50
GRCh38:chr1:114500000:C:G	ENSG00000197323	0.00	-50	0.00	-50	0.00	-3	0.00	-50
GRCh38:chr1:116000000:A:C	ENSG00000163393	0.00	-50	0.00	-50	0.00	5	0.00	-50
GRCh38:chr1:117500000:A:C	ENSG00000198162	0.00	-50	0.00	-50	0.00	16	0.00	-50
GRCh38:chr1:118000000:C:G	ENSG00000155761	0.01	-1	0.00	-50	0.01	-1	0.00	-50
GRCh38:chr1:120000000:G:T	ENSG00000134250	0.00	-50	0.00	-50	0.00	0	0.00	-50
GRCh38:chr1:145000000:A:C	ENSG00000196369	0.00	-50	0.00	-50	0.00	9	0.00	-50
GRCh38:chr1:149000000:T:A	ENSG00000178104	0.00	-50	0.00	-50	0.00	2	0.00	-50
GRCh38:chr1:149500000:G:T	ENSG00000271383	0.00	-50	0.00	-50	0.00	1	0.00	-45
GRCh38:chr1:149500000:G:T	ENSG00000286185	0.00	-50	0.00	-50	0.00	1	0.00	-45
GRCh38:chr1:150000000:G:T	ENSG00000264522	0.00	-50	0.00	-50	0.00	-18	0.00	-50
GRCh38:chr1:150500000:G:T	ENSG00000143374	0.00	-50	0.00	-50	0.00	-3	0.00	-50
GRCh38:chr1:151000000:T:A	ENSG00000143409	0.05	-33	0.00	-50	0.05	-33	0.00	-50
GRCh38:chr1:154000000:T:A	ENSG00000143552	0.00	-50	0.00	-50	0.00	6	0.00	-50
GRCh38:chr1:154500000:A:C	ENSG00000169291	0.00	-50	0.00	-50	0.00	-1	0.00	-50
GRCh38:chr1:155500000:A:C	ENSG00000116539	0.00	-50	0.00	-50	0.00	-16	0.00	-49
GRCh38:chr1:156000000:C:G	ENSG00000116584	0.00	-50	0.00	-50	0.00	-36	0.00	-50
GRCh38:chr1:156500000:C:G	ENSG00000116604	0.00	-50	0.00	-50	0.00	29	0.00	-50
GRCh38:chr1:157000000:A:C	ENSG00000132694	0.00	-50	0.00	-50	0.00	5	0.00	-50
GRCh38:chr1:158000000:G:T	ENSG00000183853	0.00	-50	0.00	-50	0.00	-2	0.00	-50
GRCh38:chr1:159000000:A:C	ENSG00000163565	0.19	-12	0.00	-50	0.19	-12	0.00	-50
GRCh38:chr1:160000000:A:C	ENSG00000177807	0.00	-50	0.00	-50	0.00	6	0.00	-50
GRCh38:chr1:160500000:T:A	ENSG00000162739	0.00	-50	0.00	-50	0.00	-26	0.00	-50
GRCh38:chr1:161000000:G:T	ENSG00000158769	0.09	7	-0.02	-22	0.09	7	-0.02	-22
GRCh38:chr1:161000000:G:T	ENSG00000270149	0.09	7	-0.02	-22	0.09	7	-0.02	-22
GRCh38:chr1:162000000:G:T	ENSG00000162745	0.00	-50	0.00	-50	0.00	-1	0.00	-50
GRCh38:chr1:162500000:C:G	ENSG00000152332	0.00	-50	0.00	-50	0.00	0	0.00	-50
GRCh38:chr1:167000000:C:G	ENSG00000143194	0.00	-50	0.00	-50	0.00	0	0.00	-50
GRCh38:chr1:167500000:T:A	ENSG00000198821	0.00	-50	0.00	-50	0.00	-2	0.00	-50
GRCh38:chr1:168000000:T:A	ENSG00000143164	0.00	-50	0.00	-50	0.00	10	0.00	-49
GRCh38:chr1:170000000:T:A	ENSG00000075945	0.03	-9	0.00	-50	0.03	-9	0.00	-50
GRCh38:chr1:171000000:C:G	ENSG00000117501	0.00	-50	0.00	-50	0.00	7	0.00	-50
GRCh38:chr1:171500000:C:G	ENSG00000117523	0.00	-50	0.00	-50	0.00	-4	0.00	-50
GRCh38:chr1:172000000:A:C	ENSG00000197959	0.00	-50	0.00	-50	0.00	15	0.00	-50
GRCh38:chr1:174000000:T:A	ENSG00000135870	0.00	-50	0.00	-50	0.00	-20	0.00	-50
GRCh38:chr1:174500000:T:A	ENSG00000152061	0.00	-50	0.00	-50	0.00	8	0.00	-50
GRCh38:chr1:175000000:T:A	ENSG00000116161	0.13	-3	0.00	-50	0.13	-3	0.00	-50
GRCh38:chr1:175500000:C:G	ENSG00000116147	0.00	-50	0.00	-50	0.00	14	0.00	-50
GRCh38:chr1:176000000:T:A	ENSG00000143207	0.00	-50	0.00	-50	0.00	14	0.00	-50
GRCh38:chr1:176500000:T:A	ENSG00000116183	0.00	-50	0.00	-50	0.00	-18	0.00	-49
GRCh38:chr1:177000000:G:T	ENSG00000152092	0.00	-50	0.00	-50	0.00	-7	0.00	-50
GRCh38:chr1:179500000:A:C	ENSG00000162779	0.00	-50	0.00	-50	0.00	-3	0.00	-50
GRCh38:chr1:180000000:T:A	ENSG00000135837	0.00	-50	0.00	-50	0.00	9	0.00	-50
GRCh38:chr1:180500000:T:A	ENSG00000230124	0.00	-50	0.00	-50	0.00	0	0.00	-50
GRCh38:chr1:181000000:T:A	ENSG00000135823	0.00	-50	0.00	-50	0.00	-1	0.00	-49
GRCh38:chr1:181500000:T:A	ENSG00000198216	0.00	-50	0.00	-50	0.00	5	0.00	-50
GRCh38:chr1:182500000:A:C	ENSG00000121446	0.00	-50	0.00	-50	0.00	17	0.00	-47
GRCh38:chr1:183500000:T:A	ENSG00000116698	0.00	-50	0.00	-50	0.00	-3	0.00	-50
GRCh38:chr1:184000000:T:A	ENSG00000198756	0.00	-50	0.00	-50	0.00	2	0.00	-50
GRCh38:chr1:184500000:T:A	ENSG00000116667	0.00	-50	0.00	-50	0.00	-2	0.00	-50
GRCh38:chr1:186000000:C:G	ENSG00000143341	0.00	-50	0.00	-50	0.00	1	0.00	-50
GRCh38:chr1:196500000:T:A	ENSG00000162687	0.00	-50	0.00	-50	0.00	6	0.00	-50
GRCh38:chr1:197000000:T:A	ENSG00000134389	0.00	-50	0.00	-50	0.00	1	0.00	-50
GRCh38:chr1:201000000:G:T	ENSG00000116852	0.01	11	0.00	-50	0.01	11	0.00	-36
GRCh38:chr1:201500000:A:C	ENSG00000159176	0.01	-27	0.00	-50	0.01	-27	0.00	-50
GRCh38:chr1:202000000:G:T	ENSG00000176393	0.00	-50	-0.03	15	0.00	-2	-0.03	15
GRCh38:chr1:202500000:A:C	ENSG00000077157	0.00	-50	0.00	-50	0.00	0	0.00	-50
GRCh38:chr1:203500000:C:G	ENSG00000188770	0.00	-50	0.00	-50	0.00	0	0.00	-50
GRCh38:chr1:205000000:A:C	ENSG00000163531	0.00	-50	0.00	-50	0.00	-3	0.00	-50
GRCh38:chr1:206000000:C:G	ENSG00000276600	0.00	-50	0.00	-50	0.00	-2	0.00	-50
GRCh38:chr1:207500000:T:A	ENSG00000203710	0.01	-4	0.00	-50	0.01	-4	0.00	-50
GRCh38:chr1:210000000:A:C	ENSG00000143469	0.00	-50	0.00	-50	0.00	-4	0.00	-50
GRCh38:chr1:210500000:T:A	ENSG00000054392	0.00	-50	0.00	-50	0.00	6	0.00	-49
GRCh38:chr1:211000000:A:C	ENSG00000143473	0.00	-50	0.00	-50	0.00	1	0.00	-50
GRCh38:chr1:211000000:A:C	ENSG00000284299	0.00	-50	0.00	-50	0.00	1	0.00	-50
GRCh38:chr1:212000000:G:T	ENSG00000143493	0.00	-50	0.00	-50	0.00	-3	0.00	-50
GRCh38:chr1:213000000:T:A	ENSG00000174606	0.00	-50	0.00	-50	0.00	1	0.00	-50
GRCh38:chr1:214000000:A:C	ENSG00000117707	0.00	-50	0.00	-50	0.00	1	0.00	-50
GRCh38:chr1:214500000:A:C	ENSG00000152104	0.03	10	0.00	-50	0.03	10	0.00	-50
GRCh38:chr1:216000000:G:T	ENSG00000042781	0.00	-50	0.00	-50	0.00	-1	0.00	-50
GRCh38:chr1:217000000:T:A	ENSG00000196482	0.00	-50	0.00	-50	0.00	-2	0.00	-50
GRCh38:chr1:217500000:C:G	ENSG00000092978	0.00	-50	0.00	-50	0.00	-1	0.00	-50
GRCh38:chr1:220000000:T:A	ENSG00000136628	0.00	-50	0.00	-50	0.00	17	0.00	-50
GRCh38:chr1:223000000:C:G	ENSG00000154309	0.00	-50	0.00	-50	0.00	-10	0.00	-50
GRCh38:chr1:224500000:T:A	ENSG00000143786	0.00	-50	0.00	-50	0.00	-7	0.00	-49
GRCh38:chr1:225000000:T:A	ENSG00000185842	0.00	-50	0.00	-50	0.00	0	0.00	-50
GRCh38:chr1:225500000:T:A	ENSG00000154380	0.00	-50	0.00	-50	0.00	0	0.00	-50
GRCh38:chr1:227000000:A:C	ENSG00000143776	0.00	-50	0.00	-50	0.00	-10	0.00	-50
GRCh38:chr1:229500000:T:A	ENSG00000069248	0.00	-50	0.00	-50	0.00	-8	0.00	-50
GRCh38:chr1:231000000:C:G	ENSG00000173409	0.00	-50	0.00	-50	0.00	26	0.00	-50
GRCh38:chr1:231500000:A:C	ENSG00000287856	0.00	-50	0.00	-50	0.00	-9	0.00	-50
GRCh38:chr1:232000000:A:C	ENSG00000162946	0.00	-50	0.00	-50	0.00	2	0.00	-50
GRCh38:chr1:232500000:C:G	ENSG00000116991	0.00	-50	0.00	-50	0.00	1	0.00	-50
GRCh38:chr1:233000000:T:A	ENSG00000135749	0.00	-50	0.00	-50	0.00	33	0.00	-50
GRCh38:chr1:234000000:T:A	ENSG00000183780	0.00	-50	0.00	-50	0.00	2	0.00	-49
GRCh38:chr1:235500000:T:A	ENSG00000162885	0.00	-50	0.00	-50	0.00	-2	0.00	-50
GRCh38:chr1:236000000:G:T	ENSG00000116962	0.00	-50	0.00	-50	0.00	15	0.00	-49
GRCh38:chr1:236500000:T:A	ENSG00000186197	0.00	-50	0.00	-50	0.00	6	0.00	-50
GRCh38:chr1:237500000:C:G	ENSG00000198626	0.01	-47	0.00	-50	0.01	-47	0.00	-50
GRCh38:chr1:239500000:C:G	ENSG00000133019	0.00	-50	0.00	-50	0.00	49	0.00	-50
GRCh38:chr1:240500000:T:A	ENSG00000180875	0.00	-50	0.00	-50	0.00	1	0.00	-50
GRCh38:chr1:241000000:G:T	ENSG00000182901	0.00	-50	0.00	-50	0.00	25	0.00	-50
GRCh38:chr1:241500000:T:A	ENSG00000091483	0.00	-50	0.00	-50	0.00	9	0.00	-50
GRCh38:chr1:242500000:C:G	ENSG00000180287	0.01	-19	0.00	-50	0.01	-19	0.00	-50
GRCh38:chr1:243500000:T:A	ENSG00000054282	0.01	18	0.00	-50	0.01	18	0.00	-50
GRCh38:chr1:243500000:T:A	ENSG00000117020	0.02	-11	0.00	-50	0.02	-11	0.00	-50
GRCh38:chr1:244500000:G:T	ENSG00000179397	0.00	-50	0.00	-50	0.00	11	0.00	-49
GRCh38:chr1:245000000:G:T	ENSG00000203666	0.00	-50	0.00	-50	0.00	1	0.00	-50
GRCh38:chr1:245500000:C:G	ENSG00000162849	0.01	1	0.00	-50	0.01	1	0.00	-50
GRCh38:chr1:246000000:T:A	ENSG00000185420	0.00	-50	0.00	-50	0.00	-18	0.00	-50
GRCh38:chr1:246500000:T:A	ENSG00000185420	0.00	-50	0.00	-50	0.00	30	0.00	-50
GRCh38:chr1:247000000:C:G	ENSG00000135747	0.00	-50	0.00	-50	0.00	-3	0.00	-50
GRCh38:chr1:247000000:C:G	ENSG00000197472	0.00	-50	0.00	-50	0.00	-3	0.00	-50
GRCh38:chr2:1000000:A:C	ENSG00000172554	0.00	-50	0.00	-50	0.00	-32	0.00	-50
GRCh38:chr2:1500000:G:T	ENSG00000115705	0.00	-50	0.00	-50	0.00	-26	0.00	-49
GRCh38:chr2:2000000:T:A	ENSG00000186487	0.00	-50	0.00	-50	0.00	2	0.00	-50
GRCh38:chr2:3500000:G:T	ENSG00000182551	0.00	-50	0.00	-50	0.00	2	0.00	-50
GRCh38:chr2:7000000:T:A	ENSG00000151692	0.06	27	0.00	-50	0.06	27	0.00	-50
GRCh38:chr2:9000000:T:A	ENSG00000143797	0.00	-50	0.00	-50	0.00	-2	0.00	-49
GRCh38:chr2:9500000:A:C	ENSG00000151694	0.00	-50	0.00	-50	0.00	-10	0.00	-50
GRCh38:chr2:10000000:T:A	ENSG00000134317	0.00	-50	0.00	-50	0.00	2	0.00	-50
GRCh38:chr2:11500000:G:T	ENSG00000196208	0.17	3	0.00	-50	0.17	3	0.00	-50
GRCh38:chr2:15500000:A:C	ENSG00000151779	0.00	-50	0.00	-50	0.00	-4	0.00	-50
GRCh38:chr2:18000000:C:G	ENSG00000170745	0.01	1	0.00	-50	0.01	1	0.00	-49
GRCh38:chr2:20000000:A:C	ENSG00000132031	0.00	-50	0.00	-50	0.00	-35	0.00	-50
GRCh38:chr2:23500000:C:G	ENSG00000119771	0.00	-50	0.00	-50	0.00	9	0.00	-50
GRCh38:chr2:24000000:A:C	ENSG00000173960	0.01	12	0.00	-50	0.01	12	0.00	-50
GRCh38:chr2:24500000:A:C	ENSG00000084676	0.00	-50	0.00	-50	0.00	13	0.00	-49
GRCh38:chr2:25500000:A:C	ENSG00000138101	0.00	-50	0.00	-50	0.00	2	0.00	-50
GRCh38:chr2:26500000:A:C	ENSG00000115155	0.00	-50	0.00	-50	0.00	-8	0.00	-50
GRCh38:chr2:27000000:T:A	ENSG00000084764	0.00	-50	0.00	-50	0.00	3	0.00	-50
GRCh38:chr2:27500000:C:G	ENSG00000084734	0.00	-50	0.00	-50	0.00	-6	0.00	-50
GRCh38:chr2:28000000:T:A	ENSG00000158019	0.00	-50	0.00	-50	0.00	-24	0.00	-50
GRCh38:chr2:28500000:T:A	ENSG00000163803	0.00	-50	0.00	-50	0.00	-48	0.00	-50
GRCh38:chr2:29000000:C:G	ENSG00000189350	0.00	-50	0.00	-50	0.00	45	0.00	-50
GRCh38:chr2:29500000:G:T	ENSG00000171094	0.01	-4	0.00	-50	0.01	-4	0.00	-50
GRCh38:chr2:30500000:A:C	ENSG00000172954	0.00	-50	0.00	-50	0.00	8	0.00	-50
GRCh38:chr2:31000000:G:T	ENSG00000158089	0.00	-50	0.00	-50	0.00	-35	0.00	-50
GRCh38:chr2:32000000:C:G	ENSG00000162959	0.00	-50	0.00	-50	0.00	-7	0.00	-50
GRCh38:chr2:32000000:C:G	ENSG00000162961	0.00	-50	0.00	-50	0.00	-7	0.00	-50
GRCh38:chr2:32500000:A:C	ENSG00000115760	0.00	-50	0.00	-50	0.00	-1	0.00	-50
GRCh38:chr2:33000000:C:G	ENSG00000049323	0.00	-50	0.00	-50	0.00	-3	0.00	-50
GRCh38:chr2:33500000:A:C	ENSG00000152689	0.00	-50	0.00	-50	0.00	-21	0.00	-50
GRCh38:chr2:36500000:T:A	ENSG00000150938	0.00	-50	0.00	-50	0.00	-6	0.00	-50
GRCh38:chr2:37000000:A:C	ENSG00000008869	0.00	-50	0.00	-50	0.00	8	0.00	-48
GRCh38:chr2:38000000:T:A	ENSG00000115841	0.00	-50	0.00	-50	0.00	-13	0.00	-50
GRCh38:chr2:39000000:A:C	ENSG00000115904	0.00	-50	0.00	-50	0.00	3	0.00	-50
GRCh38:chr2:40500000:A:C	ENSG00000183023	0.00	-50	0.00	-50	0.00	2	0.00	-50
GRCh38:chr2:42500000:A:C	ENSG00000057935	0.00	-50	0.00	-50	0.00	-42	0.00	-50
GRCh38:chr2:43500000:A:C	ENSG00000115970	0.00	-50	0.00	-50	0.00	-11	0.00	-49
GRCh38:chr2:44500000:C:G	ENSG00000143919	0.00	-50	0.00	-50	0.00	13	0.00	-50
GRCh38:chr2:45500000:A:C	ENSG00000068784	0.00	-50	0.00	-50	0.00	5	0.00	-49
GRCh38:chr2:46000000:C:G	ENSG00000171132	0.00	-50	0.00	-50	0.00	7	0.00	-50
GRCh38:chr2:46500000:T:A	ENSG00000250565	0.00	-50	0.00	-50	0.00	22	0.00	-50
GRCh38:chr2:47000000:G:T	ENSG00000068724	0.00	-50	0.00	-50	0.00	12	0.00	-50
GRCh38:chr2:47500000:C:G	ENSG00000095002	0.00	-50	0.00	-50	0.00	-43	0.00	-50
GRCh38:chr2:48500000:C:G	ENSG00000162869	0.00	-50	0.00	-50	0.00	1	0.00	-50
GRCh38:chr2:49000000:T:A	ENSG00000170820	0.00	-50	0.00	-50	0.00	5	0.00	-50
GRCh38:chr2:50000000:C:G	ENSG00000179915	0.00	-50	0.00	-50	0.00	-22	0.00	-50
GRCh38:chr2:50500000:T:A	ENSG00000179915	0.00	-50	0.00	-50	0.00	0	0.00	-50
GRCh38:chr2:51000000:G:T	ENSG00000179915	0.00	-50	0.00	-50	0.00	-7	0.00	-50
GRCh38:chr2:54000000:C:G	ENSG00000170634	0.00	-50	0.00	-50	0.00	-4	0.00	-50
GRCh38:chr2:54500000:T:A	ENSG00000115306	0.00	-50	0.00	-50	0.00	-2	0.00	-50
GRCh38:chr2:55000000:G:T	ENSG00000115310	0.03	-31	0.00	-50	0.03	-31	0.00	-50
GRCh38:chr2:58000000:A:C	ENSG00000028116	0.00	-50	0.00	-50	0.00	0	0.00	-50
GRCh38:chr2:60500000:A:C	ENSG00000119866	0.00	-50	0.00	-50	0.00	11	0.00	-50
GRCh38:chr2:61000000:G:T	ENSG00000162927	0.00	-50	0.00	-50	0.00	-1	0.00	-50
GRCh38:chr2:61500000:A:C	ENSG00000082898	0.00	-50	0.00	-50	0.00	1	0.00	-50
GRCh38:chr2:62000000:G:T	ENSG00000173163	0.00	-50	0.00	-50	0.00	-49	0.00	-50
GRCh38:chr2:63000000:A:C	ENSG00000115504	0.00	-50	0.00	-50	0.00	2	0.00	-50
GRCh38:chr2:63500000:C:G	ENSG00000143951	0.00	-50	0.00	-50	0.00	-9	0.00	-50
GRCh38:chr2:64000000:A:C	ENSG00000143952	0.00	-50	0.00	-50	0.00	-11	0.00	-50
GRCh38:chr2:65000000:C:G	ENSG00000115902	0.00	-50	0.00	-50	0.00	3	0.00	-49
GRCh38:chr2:66500000:A:C	ENSG00000143995	0.00	-50	0.00	-50	0.00	11	0.00	-49
GRCh38:chr2:68500000:A:C	ENSG00000169621	0.00	-50	0.00	-50	0.00	-12	0.00	-50
GRCh38:chr2:69500000:T:A	ENSG00000115977	0.00	-50	0.00	-50	0.00	4	0.00	-49
GRCh38:chr2:70500000:T:A	ENSG00000163235	0.00	-50	0.00	-50	0.00	-21	0.00	-50
GRCh38:chr2:71500000:T:A	ENSG00000135636	0.02	1	0.00	-50	0.02	1	0.00	-50
GRCh38:chr2:72500000:A:C	ENSG00000144036	0.00	-50	-0.02	-28	0.00	22	-0.02	-28
GRCh38:chr2:73000000:G:T	ENSG00000144040	0.00	-50	0.00	-50	0.00	1	0.00	-50
GRCh38:chr2:73500000:G:T	ENSG00000116127	0.00	-50	0.00	-50	0.00	9	0.00	-50
GRCh38:chr2:74000000:A:C	ENSG00000187605	0.00	-50	0.00	-50	0.00	-3	0.00	-50
GRCh38:chr2:74500000:C:G	ENSG00000179528	0.00	-50	0.00	-50	0.00	-24	0.00	-50
GRCh38:chr2:75500000:G:T	ENSG00000115363	0.00	-50	0.00	-50	0.00	-4	0.00	-50
GRCh38:chr2:77000000:A:C	ENSG00000176204	0.00	-50	0.00	-50	0.00	1	0.00	-50
GRCh38:chr2:77500000:G:T	ENSG00000176204	0.00	-50	0.00	-50	0.00	7	0.00	-50
GRCh38:chr2:79500000:T:A	ENSG00000066032	0.01	4	0.00	-50	0.01	4	0.00	-50
GRCh38:chr2:80000000:A:C	ENSG00000066032	0.00	-50	0.00	-50	0.00	17	0.00	-50
GRCh38:chr2:80500000:T:A	ENSG00000066032	0.00	-50	0.00	-50	0.00	6	0.00	-49
GRCh38:chr2:85000000:A:C	ENSG00000176407	0.00	-50	0.00	-50	0.00	-8	0.00	-50
GRCh38:chr2:87000000:T:A	ENSG00000187627	0.00	-50	0.00	-50	0.00	13	0.00	-50
GRCh38:chr2:96500000:T:A	ENSG00000163121	0.00	-50	0.00	-50	0.00	-4	0.00	-50
GRCh38:chr2:97500000:A:C	ENSG00000196912	0.00	-50	0.00	-50	0.00	-6	0.00	-50
GRCh38:chr2:98500000:A:C	ENSG00000040933	0.00	-50	0.00	-50	0.00	-3	0.00	-50
GRCh38:chr2:99000000:T:A	ENSG00000135951	0.00	-50	0.00	-50	0.00	8	0.00	-50
GRCh38:chr2:100000000:A:C	ENSG00000144218	0.00	-50	0.00	-50	0.00	37	0.00	-50
GRCh38:chr2:102000000:G:T	ENSG00000115590	0.00	-50	0.00	-50	0.00	13	0.00	-50
GRCh38:chr2:102500000:G:T	ENSG00000180251	0.00	-50	0.00	-50	0.00	7	0.00	-50
GRCh38:chr2:103000000:C:G	ENSG00000170417	0.00	-50	0.00	-50	0.00	1	0.00	-50
GRCh38:chr2:106500000:C:G	ENSG00000254126	0.00	-50	0.00	-50	0.00	8	0.00	-50
GRCh38:chr2:108000000:A:C	ENSG00000115665	0.00	-50	0.00	-50	0.00	-9	0.00	-50
GRCh38:chr2:108500000:T:A	ENSG00000135968	0.00	-50	0.00	-50	0.00	11	0.00	-50
GRCh38:chr2:109500000:G:T	ENSG00000172985	0.00	-50	0.00	-50	0.00	1	0.00	-49
GRCh38:chr2:111000000:T:A	ENSG00000153093	0.00	-50	0.00	-50	0.00	28	0.00	-50
GRCh38:chr2:112000000:C:G	ENSG00000153208	0.00	-50	0.00	-50	0.00	-4	0.00	-50
GRCh38:chr2:112500000:C:G	ENSG00000114999	0.00	-50	0.00	-50	0.00	0	0.00	-50
GRCh38:chr2:113500000:C:G	ENSG00000184492	0.00	-50	0.00	-50	0.00	-5	0.00	-50
GRCh38:chr2:114500000:G:T	ENSG00000175497	0.01	-2	0.00	-50	0.01	-2	0.00	-50
GRCh38:chr2:115000000:T:A	ENSG00000175497	0.00	-50	0.00	-50	0.00	5	0.00	-50
GRCh38:chr2:115500000:T:A	ENSG00000175497	0.00	-50	0.00	-50	0.00	-9	0.00	-50
GRCh38:chr2:118000000:T:A	ENSG00000125633	0.00	-50	0.00	-50	0.00	9	0.00	-50
GRCh38:chr2:119500000:C:G	ENSG00000080293	0.00	-50	0.00	-50	0.00	0	0.00	-50
GRCh38:chr2:121500000:G:T	ENSG00000074054	0.00	-50	0.00	-50	0.00	2	0.00	-50
GRCh38:chr2:124500000:A:C	ENSG00000155052	0.02	-27	0.00	-50	0.02	-27	0.00	-50
GRCh38:chr2:127500000:A:C	ENSG00000163166	0.02	39	0.00	-50	0.02	39	0.00	-50
GRCh38:chr2:128000000:C:G	ENSG00000136715	0.00	-50	0.00	-50	0.00	-3	0.00	-50
GRCh38:chr2:130500000:A:C	ENSG00000196834	0.00	-50	0.00	-50	0.00	2	0.00	-50
GRCh38:chr2:131000000:C:G	ENSG00000136002	0.00	-50	0.00	-50	0.00	-3	0.00	-50
GRCh38:chr2:132500000:T:A	ENSG00000183840	0.00	-50	0.00	-50	0.00	10	0.00	-50
GRCh38:chr2:133000000:T:A	ENSG00000176771	0.00	-50	0.00	-50	0.00	1	0.00	-50
GRCh38:chr2:133500000:T:A	ENSG00000176771	0.00	-50	0.00	-50	0.00	3	0.00	-50
GRCh38:chr2:134500000:C:G	ENSG00000152128	0.02	14	0.00	-50	0.02	14	0.00	-50
GRCh38:chr2:135000000:A:C	ENSG00000176601	0.00	-50	0.00	-50	0.00	24	0.00	-50
GRCh38:chr2:135500000:G:T	ENSG00000121988	0.00	-50	0.00	-50	0.00	-7	0.00	-50
GRCh38:chr2:137000000:A:C	ENSG00000144229	0.00	-50	0.00	-50	0.00	3	0.00	-50
GRCh38:chr2:137500000:A:C	ENSG00000144229	0.01	13	0.00	-50	0.01	13	0.00	-50
GRCh38:chr2:138000000:A:C	ENSG00000150540	0.00	-50	0.00	-50	0.00	5	0.00	-48
GRCh38:chr2:140500000:T:A	ENSG00000168702	0.00	-50	0.00	-50	0.00	-2	0.00	-50
GRCh38:chr2:141000000:C:G	ENSG00000168702	0.00	-50	0.00	-50	0.00	-6	0.00	-50
GRCh38:chr2:141500000:A:C	ENSG00000168702	0.00	-50	0.00	-50	0.00	36	0.00	-49
GRCh38:chr2:142000000:T:A	ENSG00000168702	0.00	-50	0.00	-50	0.00	-2	0.00	-50
GRCh38:chr2:143000000:A:C	ENSG00000115919	0.01	-48	0.00	-50	0.01	16	0.00	-50
GRCh38:chr2:143500000:C:G	ENSG00000075884	0.00	-50	0.00	-50	0.00	2	0.00	-50
GRCh38:chr2:144000000:A:C	ENSG00000121964	0.00	-50	0.00	-50	0.00	6	0.00	-50
GRCh38:chr2:144500000:T:A	ENSG00000169554	0.00	-50	0.00	-50	0.00	-28	0.00	-50
GRCh38:chr2:148000000:T:A	ENSG00000115947	0.00	-50	0.00	-50	0.00	-32	0.00	-50
GRCh38:chr2:148500000:T:A	ENSG00000204406	0.00	-50	0.00	-50	0.00	3	0.00	-50
GRCh38:chr2:149000000:A:C	ENSG00000168280	0.00	-50	0.00	-50	0.00	-6	0.00	-50
GRCh38:chr2:150500000:C:G	ENSG00000115963	0.11	-27	0.00	-50	0.11	-27	0.00	-50
GRCh38:chr2:151500000:A:C	ENSG00000080345	0.00	-50	0.00	-50	0.00	-9	0.00	-50
GRCh38:chr2:151500000:A:C	ENSG00000183091	0.00	-50	0.00	-50	0.00	-1	0.00	-50
GRCh38:chr2:152000000:A:C	ENSG00000182389	0.00	-50	0.00	-50	0.00	31	0.00	-50
GRCh38:chr2:152500000:C:G	ENSG00000157827	0.02	-25	0.00	-50	0.02	-25	0.00	-50
GRCh38:chr2:154000000:T:A	ENSG00000144278	0.00	-50	0.00	-50	0.00	-5	0.00	-50
GRCh38:chr2:156500000:A:C	ENSG00000115159	0.00	-50	0.00	-50	0.00	2	0.00	-50
GRCh38:chr2:158000000:A:C	ENSG00000007001	0.00	-50	0.00	-50	0.00	-3	0.00	-49
GRCh38:chr2:158500000:T:A	ENSG00000144283	0.00	-50	0.00	-50	0.00	2	0.00	-49
GRCh38:chr2:159000000:T:A	ENSG00000115183	0.00	-50	0.00	-50	0.00	-13	0.00	-50
GRCh38:chr2:159500000:G:T	ENSG00000123636	0.00	-50	0.00	-50	0.00	13	0.00	-50
GRCh38:chr2:160000000:G:T	ENSG00000153246	0.00	-50	0.00	-50	0.00	-1	0.00	-50
GRCh38:chr2:161500000:A:C	ENSG00000144290	0.00	-50	0.00	-50	0.00	-7	0.00	-50
GRCh38:chr2:162000000:A:C	ENSG00000197635	0.00	-50	0.00	-50	0.00	2	0.00	-50
GRCh38:chr2:162500000:T:A	ENSG00000184611	0.00	-50	0.00	-50	0.00	-2	0.00	-50
GRCh38:chr2:164500000:A:C	ENSG00000115290	0.00	-50	0.00	-50	0.00	-46	0.00	-50
GRCh38:chr2:165500000:T:A	ENSG00000178662	0.00	-50	0.00	-50	0.00	-8	0.00	-50
GRCh38:chr2:166000000:A:C	ENSG00000144285	0.00	-50	0.00	-50	0.00	-28	0.00	-50
GRCh38:chr2:166500000:A:C	ENSG00000136546	0.00	-50	0.00	-50	0.00	-4	0.00	-50
GRCh38:chr2:167000000:A:C	ENSG00000163092	0.00	-50	0.00	-50	0.00	20	0.00	-50
GRCh38:chr2:168000000:G:T	ENSG00000198648	0.01	2	0.00	-50	0.01	2	0.00	-50
GRCh38:chr2:168500000:T:A	ENSG00000172292	0.00	-50	0.00	-50	0.00	31	0.00	-50
GRCh38:chr2:169000000:T:A	ENSG00000073734	0.00	-50	0.00	-50	0.00	1	0.00	-50
GRCh38:chr2:169500000:T:A	ENSG00000163093	0.02	0	0.00	-50	0.02	0	0.00	-50
GRCh38:chr2:169500000:T:A	ENSG00000251569	0.02	0	0.00	-50	0.02	0	0.00	-50
GRCh38:chr2:170000000:C:G	ENSG00000144357	0.00	-50	0.00	-50	0.00	-9	0.00	-50
GRCh38:chr2:170500000:C:G	ENSG00000071909	0.00	-50	0.00	-50	0.00	-11	0.00	-50
GRCh38:chr2:171000000:G:T	ENSG00000198586	0.00	-50	0.00	-50	0.00	-3	0.00	-50
GRCh38:chr2:172000000:G:T	ENSG00000172878	0.00	-50	-0.01	9	0.00	-2	-0.01	9
GRCh38:chr2:172500000:A:C	ENSG00000091409	0.00	-50	0.00	-50	0.00	0	0.00	-50
GRCh38:chr2:173000000:T:A	ENSG00000091428	0.00	-50	0.00	-50	0.00	12	0.00	-50
GRCh38:chr2:175000000:A:C	ENSG00000128656	0.00	-50	0.00	-50	0.00	6	0.00	-50
GRCh38:chr2:176000000:A:C	ENSG00000144320	0.00	-50	0.00	-50	0.00	4	0.00	-50
GRCh38:chr2:177500000:T:A	ENSG00000018510	0.00	-50	0.00	-50	0.00	0	0.00	-50
GRCh38:chr2:178000000:A:C	ENSG00000128655	0.01	2	0.00	-50	0.01	2	0.00	-49
GRCh38:chr2:178000000:A:C	ENSG00000284741	0.01	2	0.00	-50	0.01	2	0.00	-49
GRCh38:chr2:178500000:G:T	ENSG00000116095	0.00	-50	0.00	-50	0.00	6	0.00	-50
GRCh38:chr2:179000000:A:C	ENSG00000163492	0.00	-50	0.00	-50	0.00	-13	0.00	-50
GRCh38:chr2:179500000:A:C	ENSG00000144331	0.00	-50	0.00	-50	0.00	11	0.00	-48
GRCh38:chr2:180000000:T:A	ENSG00000163510	0.03	-3	0.00	-50	0.03	-3	0.00	-50
GRCh38:chr2:181000000:C:G	ENSG00000170035	0.00	-50	0.00	-50	0.00	11	0.00	-50
GRCh38:chr2:181500000:T:A	ENSG00000115232	0.18	20	0.00	-50	0.18	20	0.00	-46
GRCh38:chr2:182000000:T:A	ENSG00000150722	0.00	-50	0.00	-50	0.00	15	0.00	-50
GRCh38:chr2:182500000:A:C	ENSG00000115252	0.00	-50	0.00	-50	0.00	-1	0.00	-50
GRCh38:chr2:183000000:G:T	ENSG00000061676	0.00	-50	0.00	-50	0.00	6	0.00	-50
GRCh38:chr2:186500000:T:A	ENSG00000065548	0.00	-50	0.00	-50	0.00	-14	0.00	-50
GRCh38:chr2:187500000:T:A	ENSG00000003436	0.00	-50	0.00	-50	0.00	-6	0.00	-50
GRCh38:chr2:188500000:A:C	ENSG00000144366	0.00	-50	0.00	-50	0.00	1	0.00	-50
GRCh38:chr2:189000000:A:C	ENSG00000168542	0.00	-50	0.00	-50	0.00	-5	0.00	-50
GRCh38:chr2:190000000:G:T	ENSG00000187699	0.00	-50	0.00	-50	0.00	23	0.00	-50
GRCh38:chr2:190500000:G:T	ENSG00000151690	0.00	-50	0.00	-50	0.00	-10	0.00	-50
GRCh38:chr2:191000000:A:C	ENSG00000115415	0.01	-48	0.00	-50	0.01	-48	0.00	-50
GRCh38:chr2:192000000:A:C	ENSG00000144339	0.00	-50	0.00	-50	0.00	-3	0.00	-50
GRCh38:chr2:196000000:A:C	ENSG00000118997	0.00	-50	0.00	-50	0.00	1	0.00	-50
GRCh38:chr2:196500000:G:T	ENSG00000138411	0.00	-50	0.00	-50	0.00	-8	0.00	-50
GRCh38:chr2:197000000:A:C	ENSG00000065413	0.00	-50	0.00	-50	0.00	9	0.00	-50
GRCh38:chr2:197500000:C:G	ENSG00000144381	0.19	-1	0.00	-50	0.19	-1	0.00	-49
GRCh38:chr2:198000000:A:C	ENSG00000115896	0.00	-50	0.00	-50	0.00	-2	0.00	-50
GRCh38:chr2:198500000:G:T	ENSG00000115896	0.00	-50	0.00	-50	0.00	-10	0.00	-50
GRCh38:chr2:200000000:A:C	ENSG00000162972	0.00	-50	0.00	-50	0.00	-19	0.00	-50
GRCh38:chr2:200500000:C:G	ENSG00000155729	0.00	-50	0.00	-50	0.00	-7	0.00	-50
GRCh38:chr2:201000000:G:T	ENSG00000155744	0.00	-50	0.00	-50	0.00	-4	0.00	-50
GRCh38:chr2:201500000:T:A	ENSG00000155754	0.00	-50	0.00	-50	0.00	-2	0.00	-49
GRCh38:chr2:202500000:A:C	ENSG00000204217	0.01	8	0.00	-50	0.01	8	0.00	-50
GRCh38:chr2:203000000:G:T	ENSG00000138442	0.00	-50	0.00	-50	0.00	-18	0.00	-50
GRCh38:chr2:203500000:G:T	ENSG00000173166	0.00	-50	0.00	-50	0.00	-19	0.00	-50
GRCh38:chr2:205000000:G:T	ENSG00000116117	0.00	-50	0.00	-50	0.00	1	0.00	-50
GRCh38:chr2:205500000:G:T	ENSG00000116117	0.00	-50	0.00	-50	0.00	-31	0.00	31
GRCh38:chr2:206000000:G:T	ENSG00000114933	0.00	-50	0.00	-50	0.00	0	0.00	-50
GRCh38:chr2:206500000:T:A	ENSG00000114948	0.00	-50	0.00	-50	0.00	-8	0.00	-50
GRCh38:chr2:208000000:A:C	ENSG00000178385	0.00	-50	0.00	-50	0.00	2	0.00	-50
GRCh38:chr2:208500000:T:A	ENSG00000144407	0.00	-50	0.00	-50	0.00	4	0.00	-50
GRCh38:chr2:209500000:C:G	ENSG00000078018	0.00	-50	0.00	-50	0.00	9	0.00	-50
GRCh38:chr2:210500000:G:T	ENSG00000021826	0.01	-4	0.00	-50	0.01	-4	0.00	-50
GRCh38:chr2:211500000:C:G	ENSG00000178568	0.00	-50	0.00	-50	0.00	-18	0.00	-50
GRCh38:chr2:212000000:A:C	ENSG00000178568	0.00	-50	0.00	-50	0.00	-20	0.00	-50
GRCh38:chr2:212500000:T:A	ENSG00000178568	0.00	-50	0.00	-50	0.00	-3	0.00	-50
GRCh38:chr2:213000000:A:C	ENSG00000030419	0.00	-50	0.00	-50	0.00	1	0.00	-50
GRCh38:chr2:213500000:G:T	ENSG00000144451	0.00	-50	0.00	-50	0.00	17	0.00	-50
GRCh38:chr2:214000000:T:A	ENSG00000144451	0.00	-50	0.00	-50	0.00	-3	0.00	-50
GRCh38:chr2:214500000:T:A	ENSG00000174453	0.00	-50	0.00	-50	0.00	-3	0.00	-50
GRCh38:chr2:215000000:A:C	ENSG00000144452	0.00	-50	0.00	-50	0.00	44	0.00	-50
GRCh38:chr2:216000000:G:T	ENSG00000115425	0.00	-50	0.00	-50	0.00	-3	0.00	-50
GRCh38:chr2:216000000:G:T	ENSG00000118242	0.00	-50	0.00	-50	0.00	-3	0.00	-50
GRCh38:chr2:216500000:A:C	ENSG00000197756	0.00	-50	-0.02	31	0.00	-1	-0.02	31
GRCh38:chr2:218000000:A:C	ENSG00000079308	0.00	-50	0.00	-50	0.00	3	0.00	-50
GRCh38:chr2:218500000:C:G	ENSG00000135913	0.00	-50	0.00	-50	0.00	7	0.00	-50
GRCh38:chr2:219500000:G:T	ENSG00000144591	0.00	-50	-0.36	15	0.00	-26	-0.36	15
GRCh38:chr2:221500000:G:T	ENSG00000116106	0.00	-50	0.00	-50	0.00	19	0.00	-50
GRCh38:chr2:222500000:T:A	ENSG00000163082	0.00	-50	0.00	-50	0.00	-2	0.00	-50
GRCh38:chr2:224000000:G:T	ENSG00000135919	0.00	-50	0.00	-50	0.00	7	0.00	-50
GRCh38:chr2:224500000:C:G	ENSG00000036257	0.01	-19	0.00	-50	0.01	-19	0.00	-50
GRCh38:chr2:225000000:G:T	ENSG00000135905	0.00	-50	0.00	-50	0.00	-1	0.00	-50
GRCh38:chr2:225500000:T:A	ENSG00000144460	0.00	-50	0.00	-50	0.00	0	0.00	-50
GRCh38:chr2:227500000:T:A	ENSG00000173744	0.01	23	0.00	-50	0.01	23	0.00	-50
GRCh38:chr2:228000000:A:C	ENSG00000153820	0.00	-50	0.00	-50	0.00	-2	0.00	-50
GRCh38:chr2:229000000:T:A	ENSG00000153823	0.00	-50	0.00	-50	0.00	-3	0.00	-50
GRCh38:chr2:229500000:T:A	ENSG00000187957	0.00	-50	0.00	-50	0.00	-2	0.00	-50
GRCh38:chr2:230000000:T:A	ENSG00000153832	0.00	-50	0.00	-50	0.00	-2	0.00	-50
GRCh38:chr2:230500000:C:G	ENSG00000067066	0.00	-50	0.00	-50	0.00	-30	0.00	-50
GRCh38:chr2:231000000:G:T	ENSG00000173699	0.00	-50	0.00	-50	0.00	3	0.00	-50
GRCh38:chr2:232000000:A:C	ENSG00000144535	0.00	-50	0.00	-50	0.00	2	0.00	-50
GRCh38:chr2:233000000:A:C	ENSG00000066248	0.00	-50	0.00	-50	0.00	5	0.00	-50
GRCh38:chr2:233500000:T:A	ENSG00000085982	0.00	-50	0.00	-50	0.00	-8	0.00	-50
GRCh38:chr2:234000000:T:A	ENSG00000144481	0.00	-50	0.00	-50	0.00	1	0.00	-50
GRCh38:chr2:235000000:G:T	ENSG00000130147	0.00	-50	0.00	-50	0.00	33	0.00	-50
GRCh38:chr2:235500000:A:C	ENSG00000157985	0.00	-50	0.00	-50	0.00	-8	0.00	-50
GRCh38:chr2:236000000:T:A	ENSG00000157985	0.00	-50	0.00	-50	0.00	3	0.00	-50
GRCh38:chr2:236500000:A:C	ENSG00000132321	0.00	-50	0.00	-50	0.00	3	0.00	-50
GRCh38:chr2:237500000:C:G	ENSG00000115648	0.00	-50	0.00	-50	0.00	7	0.00	-49
GRCh38:chr2:238000000:T:A	ENSG00000184182	0.00	-50	0.00	-50	0.00	-33	0.00	-48
GRCh38:chr2:238000000:T:A	ENSG00000258984	0.00	-50	0.00	-50	0.00	-33	0.00	-48
GRCh38:chr2:240000000:A:C	ENSG00000130414	0.00	-50	0.00	-50	0.00	1	0.00	-50
GRCh38:chr2:240500000:C:G	ENSG00000144504	0.00	-50	0.00	-50	0.00	-3	0.00	-42
GRCh38:chr2:241000000:G:T	ENSG00000162804	0.02	18	0.00	-50	0.02	18	0.00	-50
GRCh38:chr2:241500000:A:C	ENSG00000115694	0.06	7	0.00	-50	0.06	7	0.00	-50
GRCh38:chr3:2500000:A:C	ENSG00000144619	0.00	-50	0.00	-50	0.00	2	0.00	-50
GRCh38:chr3:3000000:A:C	ENSG00000144619	0.00	-50	0.00	-50	0.00	22	0.00	-50
GRCh38:chr3:4000000:T:A	ENSG00000144455	0.00	-50	0.00	-50	0.00	44	0.00	-48
GRCh38:chr3:4500000:A:C	ENSG00000150995	0.00	-50	0.00	-50	0.00	3	0.00	-50
GRCh38:chr3:7000000:A:C	ENSG00000196277	0.00	-50	0.00	-50	0.00	-2	0.00	-50
GRCh38:chr3:7500000:T:A	ENSG00000196277	0.00	-50	0.00	-50	0.00	1	0.00	-50
GRCh38:chr3:9000000:A:C	ENSG00000196220	0.00	-50	0.00	-50	0.00	-48	0.00	-50
GRCh38:chr3:9500000:A:C	ENSG00000156959	0.00	-50	0.00	-50	0.00	-23	0.00	-50
GRCh38:chr3:10000000:C:G	ENSG00000125037	0.00	-50	0.00	-50	0.00	-2	0.00	-50
GRCh38:chr3:10500000:A:C	ENSG00000157087	0.00	-50	0.00	-50	0.00	2	0.00	-50
GRCh38:chr3:11000000:T:A	ENSG00000157103	0.00	-50	0.00	-50	0.00	-3	0.00	-50
GRCh38:chr3:11500000:G:T	ENSG00000197548	0.00	-50	0.00	-50	0.00	0	0.00	-50
GRCh38:chr3:12500000:T:A	ENSG00000154743	0.00	-50	0.00	-50	0.00	-1	0.00	-50
GRCh38:chr3:13000000:T:A	ENSG00000144711	0.00	-50	0.00	-50	0.00	-6	0.00	-50
GRCh38:chr3:13500000:G:T	ENSG00000163517	0.00	-50	0.00	-50	0.00	32	0.00	-49
GRCh38:chr3:14500000:G:T	ENSG00000144596	0.00	-50	0.00	-50	0.00	-2	0.00	-50
GRCh38:chr3:15000000:C:G	ENSG00000177463	0.00	-50	0.00	-50	0.00	-19	0.00	-50
GRCh38:chr3:15500000:T:A	ENSG00000206561	0.03	-14	0.00	-50	0.03	-14	0.00	-50
GRCh38:chr3:16500000:T:A	ENSG00000131378	0.00	-50	0.00	-50	0.00	-2	0.00	-50
GRCh38:chr3:17000000:T:A	ENSG00000154822	0.00	-50	0.00	-50	0.00	35	0.00	-50
GRCh38:chr3:17500000:A:C	ENSG00000131374	0.00	-50	0.00	-50	0.00	-1	0.00	-50
GRCh38:chr3:18000000:A:C	ENSG00000131374	0.01	-1	0.00	-50	0.01	-1	0.00	-50
GRCh38:chr3:19500000:G:T	ENSG00000183960	0.00	-50	0.00	-50	0.00	-1	0.00	-50
GRCh38:chr3:20000000:T:A	ENSG00000183977	0.00	-50	0.00	-50	0.00	-2	0.00	-50
GRCh38:chr3:21500000:A:C	ENSG00000151789	0.00	-50	0.00	-50	0.00	-22	0.00	-49
GRCh38:chr3:22000000:T:A	ENSG00000151789	0.00	-50	0.00	-50	0.00	1	0.00	-50
GRCh38:chr3:23500000:A:C	ENSG00000182247	0.00	-50	0.00	-50	0.00	22	0.00	-50
GRCh38:chr3:25500000:A:C	ENSG00000077092	0.00	-50	0.00	-50	0.00	-2	0.00	-50
GRCh38:chr3:28500000:A:C	ENSG00000206559	0.00	-50	0.00	-50	0.00	35	0.00	-50
GRCh38:chr3:28500000:A:C	ENSG00000283563	0.00	-50	0.00	-50	0.00	35	0.00	-50
GRCh38:chr3:29000000:T:A	ENSG00000144642	0.00	-50	0.00	-50	0.00	-9	0.00	-50
GRCh38:chr3:29000000:T:A	ENSG00000283563	0.00	-50	0.00	-50	0.00	-9	0.00	-50
GRCh38:chr3:29500000:T:A	ENSG00000144642	0.00	-50	0.00	-50	0.00	13	0.00	-50
GRCh38:chr3:29500000:T:A	ENSG00000283563	0.00	-50	0.00	-50	0.00	13	0.00	-50
GRCh38:chr3:30000000:A:C	ENSG00000144642	0.00	-50	0.00	-50	0.00	-41	0.00	-50
GRCh38:chr3:32000000:T:A	ENSG00000144645	0.00	-50	0.00	-50	0.00	-8	0.00	-50
GRCh38:chr3:32500000:T:A	ENSG00000091317	0.00	-50	0.00	-50	0.00	0	0.00	-50
GRCh38:chr3:33000000:C:G	ENSG00000170266	0.01	4	0.00	-50	0.01	4	0.00	-50
GRCh38:chr3:33500000:T:A	ENSG00000163539	0.00	-50	0.00	-50	0.00	0	0.00	-50
GRCh38:chr3:36500000:C:G	ENSG00000144681	0.00	-50	0.00	-50	0.00	-11	0.00	-50
GRCh38:chr3:37000000:C:G	ENSG00000076242	0.00	-50	0.00	-50	0.00	7	0.00	-50
GRCh38:chr3:37500000:T:A	ENSG00000144668	0.00	-50	0.00	-50	0.00	-2	0.00	-50
GRCh38:chr3:38000000:C:G	ENSG00000136059	0.00	-50	0.00	-50	0.00	-1	0.00	-50
GRCh38:chr3:38500000:A:C	ENSG00000157036	0.04	-12	0.00	-50	0.04	-12	0.00	-50
GRCh38:chr3:39000000:C:G	ENSG00000168356	0.04	-49	0.00	-50	0.04	-49	0.00	-50
GRCh38:chr3:39500000:C:G	ENSG00000168314	0.01	-8	0.00	-50	0.01	-8	0.00	-50
GRCh38:chr3:40000000:A:C	ENSG00000170011	0.00	-50	0.00	-50	0.00	-40	0.00	-50
GRCh38:chr3:40500000:C:G	ENSG00000177842	0.01	-5	0.00	-50	0.01	-5	0.00	-50
GRCh38:chr3:41500000:C:G	ENSG00000168038	0.00	-50	0.00	-50	0.00	6	0.00	-50
GRCh38:chr3:42500000:T:A	ENSG00000114812	0.02	44	0.00	-50	0.02	44	0.00	-50
GRCh38:chr3:43000000:T:A	ENSG00000144649	0.00	-50	0.00	-50	0.00	4	0.00	-50
GRCh38:chr3:43000000:T:A	ENSG00000273291	0.00	-50	0.00	-50	0.00	4	0.00	-50
GRCh38:chr3:43500000:T:A	ENSG00000160746	0.00	-50	0.00	-50	0.00	-8	0.00	-50
GRCh38:chr3:44500000:G:T	ENSG00000178917	0.01	-2	0.00	-50	0.01	-2	0.00	-48
GRCh38:chr3:45000000:T:A	ENSG00000075914	0.00	-50	0.00	-50	0.00	24	0.00	-50
GRCh38:chr3:45500000:T:A	ENSG00000011376	0.01	2	0.00	-50	0.01	2	0.00	-50
GRCh38:chr3:46500000:T:A	ENSG00000163825	0.00	-50	0.00	-50	0.00	3	0.00	-50
GRCh38:chr3:47000000:A:C	ENSG00000160796	0.00	-50	0.00	-50	0.00	22	0.00	-50
GRCh38:chr3:47500000:C:G	ENSG00000163832	0.04	-5	0.00	-50	0.04	-5	0.00	-50
GRCh38:chr3:48000000:A:C	ENSG00000047849	0.00	-50	0.00	-50	0.00	-23	0.00	-49
GRCh38:chr3:48500000:T:A	ENSG00000164054	0.00	-50	0.00	-50	0.00	-25	0.00	-50
GRCh38:chr3:49000000:A:C	ENSG00000178467	0.00	-50	0.00	-50	0.00	10	0.00	-50
GRCh38:chr3:49500000:A:C	ENSG00000173402	0.00	-50	0.00	-50	0.00	-30	0.00	-50
GRCh38:chr3:50000000:G:T	ENSG00000004534	0.00	-50	0.00	-50	0.00	-9	0.00	-50
GRCh38:chr3:50500000:C:G	ENSG00000007402	0.00	-50	0.00	-50	0.00	2	0.00	-50
GRCh38:chr3:51000000:T:A	ENSG00000088538	0.00	-50	0.00	-50	0.00	-35	0.00	-50
GRCh38:chr3:51500000:G:T	ENSG00000145041	0.02	-30	0.00	-50	0.02	-30	0.00	15
GRCh38:chr3:52500000:G:T	ENSG00000010327	0.00	-50	0.00	-50	0.00	-21	0.00	-50
GRCh38:chr3:53000000:A:C	ENSG00000163935	0.00	-50	0.00	-50	0.00	-10	0.00	-50
GRCh38:chr3:53000000:A:C	ENSG00000272305	0.00	-50	0.00	-50	0.00	-10	0.00	-50
GRCh38:chr3:53500000:T:A	ENSG00000157388	0.00	-50	0.00	-50	0.00	-3	0.00	-50
GRCh38:chr3:54500000:A:C	ENSG00000157445	0.00	-50	0.00	-50	0.00	1	0.00	-50
GRCh38:chr3:55000000:G:T	ENSG00000157445	0.00	-50	0.00	-50	0.00	-10	0.00	-50
GRCh38:chr3:56000000:A:C	ENSG00000187672	0.00	-50	0.00	-50	0.00	1	0.00	-49
GRCh38:chr3:57000000:T:A	ENSG00000163947	0.00	-50	0.00	-50	0.00	-14	0.00	-50
GRCh38:chr3:57500000:T:A	ENSG00000174844	0.00	-50	0.00	-50	0.00	45	0.00	-50
GRCh38:chr3:58500000:T:A	ENSG00000168301	0.00	-50	0.00	-50	0.00	8	0.00	-50
GRCh38:chr3:59000000:A:C	ENSG00000163689	0.00	-50	0.00	-50	0.00	21	0.00	-50
GRCh38:chr3:60000000:C:G	ENSG00000189283	0.00	-50	0.00	-50	0.00	41	0.00	-50
GRCh38:chr3:60500000:G:T	ENSG00000189283	0.00	-50	0.00	-50	0.00	-27	0.00	-50
GRCh38:chr3:61000000:T:A	ENSG00000189283	0.00	-50	0.00	-50	0.00	-20	0.00	-50
GRCh38:chr3:62000000:G:T	ENSG00000144724	0.08	14	0.00	-50	0.08	14	0.00	-50
GRCh38:chr3:62500000:A:C	ENSG00000163618	0.00	-50	0.00	-50	0.00	1	0.00	-50
GRCh38:chr3:63500000:T:A	ENSG00000163630	0.00	-50	0.00	-50	0.00	-2	0.00	-50
GRCh38:chr3:64000000:T:A	ENSG00000163635	0.00	-50	0.00	-50	0.00	-7	0.00	-50
GRCh38:chr3:65500000:T:A	ENSG00000151276	0.00	-50	0.00	-50	0.00	-6	0.00	-50
GRCh38:chr3:66000000:T:A	ENSG00000151276	0.00	-50	0.00	-50	0.00	-2	0.00	-50
GRCh38:chr3:66500000:C:G	ENSG00000144749	0.00	-50	0.00	-50	0.00	-4	0.00	-50
GRCh38:chr3:67000000:A:C	ENSG00000163376	0.00	-50	0.00	-50	0.00	-28	0.00	-50
GRCh38:chr3:67500000:G:T	ENSG00000172340	0.00	-50	0.00	-50	0.00	-1	0.00	-50
GRCh38:chr3:68500000:C:G	ENSG00000183662	0.00	-50	0.00	-50	0.00	23	0.00	-50
GRCh38:chr3:69000000:T:A	ENSG00000163378	0.00	-50	0.00	-50	0.00	-18	0.00	-50
GRCh38:chr3:69500000:G:T	ENSG00000114541	0.00	-50	0.00	-50	0.00	-11	0.00	-50
GRCh38:chr3:71000000:T:A	ENSG00000114861	0.00	-50	0.00	-50	0.00	-6	0.00	-50
GRCh38:chr3:71000000:T:A	ENSG00000285708	0.00	-50	0.00	-50	0.00	-6	0.00	-50
GRCh38:chr3:71500000:A:C	ENSG00000114861	0.00	-50	0.00	-50	0.00	21	0.00	-50
GRCh38:chr3:71500000:A:C	ENSG00000285708	0.00	-50	0.00	-50	0.00	21	0.00	-50
GRCh38:chr3:73000000:G:T	ENSG00000163605	0.00	-50	0.00	-50	0.00	-1	0.00	-50
GRCh38:chr3:73500000:C:G	ENSG00000121440	0.00	-50	0.00	-50	0.00	24	0.00	-50
GRCh38:chr3:74500000:A:C	ENSG00000113805	0.00	-50	0.00	-50	0.00	-15	0.00	-50
GRCh38:chr3:76000000:T:A	ENSG00000185008	0.00	-50	0.00	-50	0.00	-1	0.00	-50
GRCh38:chr3:76500000:A:C	ENSG00000185008	0.00	-50	0.00	-50	0.00	-3	0.00	-50
GRCh38:chr3:77000000:G:T	ENSG00000185008	0.06	34	0.00	-50	0.06	34	0.00	-50
GRCh38:chr3:77500000:T:A	ENSG00000185008	0.00	-50	0.00	-50	0.00	29	0.00	-50
GRCh38:chr3:79000000:A:C	ENSG00000169855	0.00	-50	0.00	-50	0.00	0	0.00	-49
GRCh38:chr3:79500000:G:T	ENSG00000169855	0.00	-50	0.00	-50	0.00	0	0.00	-49
GRCh38:chr3:81500000:C:G	ENSG00000114480	0.00	-50	0.00	-50	0.00	-50	0.00	-50
GRCh38:chr3:85000000:A:C	ENSG00000175161	0.00	-50	0.00	-50	0.00	18	0.00	-50
GRCh38:chr3:85500000:A:C	ENSG00000175161	0.00	-50	0.00	-50	0.00	5	0.00	-50
GRCh38:chr3:86000000:A:C	ENSG00000175161	0.00	-50	0.00	-50	0.00	12	0.00	-49
GRCh38:chr3:94000000:C:G	ENSG00000169379	0.00	-50	0.00	-50	0.00	-5	0.00	-45
GRCh38:chr3:97000000:A:C	ENSG00000080224	0.00	-50	0.00	-50	0.00	-26	0.00	-50
GRCh38:chr3:97500000:A:C	ENSG00000080224	0.00	-50	0.00	-50	0.00	0	0.00	-50
GRCh38:chr3:98000000:G:T	ENSG00000183185	0.00	-50	0.00	-50	0.00	4	0.00	-50
GRCh38:chr3:98500000:A:C	ENSG00000080822	0.00	-50	0.00	-50	0.00	35	0.00	-50
GRCh38:chr3:100000000:A:C	ENSG00000168386	0.00	-50	0.00	-50	0.00	-12	0.00	-50
GRCh38:chr3:100000000:A:C	ENSG00000184220	0.00	-50	0.00	-50	0.00	18	0.00	-50
GRCh38:chr3:100500000:T:A	ENSG00000181458	0.00	-50	0.00	-50	0.00	3	0.00	-50
GRCh38:chr3:101500000:A:C	ENSG00000138468	0.00	-50	0.00	-50	0.00	-19	0.00	-50
GRCh38:chr3:105500000:A:C	ENSG00000170017	0.00	-50	0.00	-50	0.00	1	0.00	-50
GRCh38:chr3:108500000:A:C	ENSG00000144821	0.00	-50	0.00	-50	0.00	-29	0.00	-49
GRCh38:chr3:109000000:G:T	ENSG00000114487	0.00	-50	0.00	-50	0.00	-4	0.00	-50
GRCh38:chr3:111500000:C:G	ENSG00000153283	0.00	-50	0.00	-50	0.00	1	0.00	-50
GRCh38:chr3:112000000:G:T	ENSG00000144834	0.00	-50	0.00	-50	0.00	-49	0.00	-50
GRCh38:chr3:113000000:T:A	ENSG00000163607	0.00	-50	0.00	-50	0.00	-8	0.00	-46
GRCh38:chr3:113500000:C:G	ENSG00000163611	0.00	-50	0.00	-50	0.00	-3	0.00	-50
GRCh38:chr3:113500000:C:G	ENSG00000285943	0.00	-50	0.00	-50	0.00	-3	0.00	-50
GRCh38:chr3:114000000:T:A	ENSG00000163617	0.00	-50	0.00	-50	0.00	-19	0.00	-50
GRCh38:chr3:114500000:T:A	ENSG00000181722	0.00	-50	0.00	-50	0.00	0	0.00	-50
GRCh38:chr3:115000000:G:T	ENSG00000181722	0.00	-50	0.00	-50	0.00	-13	0.00	-50
GRCh38:chr3:116000000:G:T	ENSG00000185565	0.01	28	0.00	-50	0.01	28	0.00	-50
GRCh38:chr3:116500000:T:A	ENSG00000185565	0.00	-50	0.00	-50	0.00	4	0.00	-50
GRCh38:chr3:117000000:C:G	ENSG00000185565	0.01	3	0.00	-50	0.01	3	0.00	-50
GRCh38:chr3:119000000:T:A	ENSG00000144847	0.00	-50	0.00	-50	0.00	1	0.00	-50
GRCh38:chr3:119500000:C:G	ENSG00000113845	0.03	-38	0.00	-50	0.03	-38	0.00	-50
GRCh38:chr3:120000000:A:C	ENSG00000082701	0.00	-50	0.00	-50	0.00	-6	0.00	-50
GRCh38:chr3:121000000:C:G	ENSG00000145087	0.00	-50	0.00	-50	0.00	7	0.00	-50
GRCh38:chr3:121500000:G:T	ENSG00000051341	0.00	-50	0.00	-50	0.00	16	0.00	-50
GRCh38:chr3:122000000:A:C	ENSG00000145103	0.00	-50	0.00	-50	0.00	2	0.00	-50
GRCh38:chr3:122500000:A:C	ENSG00000114030	0.00	-50	0.00	-50	0.00	0	0.00	-48
GRCh38:chr3:123000000:G:T	ENSG00000082684	0.00	-50	0.00	-50	0.00	40	0.00	-50
GRCh38:chr3:123500000:A:C	ENSG00000206527	0.00	-50	0.00	-50	0.00	-2	0.00	-49
GRCh38:chr3:124500000:T:A	ENSG00000160145	0.00	-50	0.00	-50	0.00	23	0.00	-50
GRCh38:chr3:125000000:G:T	ENSG00000173706	0.00	-50	0.00	-50	0.00	-3	0.00	-50
GRCh38:chr3:125500000:C:G	ENSG00000114520	0.00	-50	0.00	-50	0.00	2	0.00	-50
GRCh38:chr3:126500000:A:C	ENSG00000159650	0.00	-50	0.00	-50	0.00	-47	0.00	-50
GRCh38:chr3:127000000:T:A	ENSG00000114554	0.00	-50	0.00	-50	0.00	0	0.00	-50
GRCh38:chr3:128000000:T:A	ENSG00000074416	0.00	-50	0.00	-50	0.00	0	0.00	-50
GRCh38:chr3:129000000:T:A	ENSG00000114656	0.02	-39	0.00	-50	0.02	-39	0.00	-50
GRCh38:chr3:129500000:G:T	ENSG00000163913	0.00	-50	0.00	-50	0.00	-2	0.00	-50
GRCh38:chr3:131000000:C:G	ENSG00000017260	0.00	-50	0.00	-50	0.00	-1	0.00	-50
GRCh38:chr3:131500000:C:G	ENSG00000114686	0.00	-50	0.00	-50	0.00	-32	0.00	-49
GRCh38:chr3:132000000:T:A	ENSG00000196353	0.00	-50	0.00	-50	0.00	-12	0.00	-50
GRCh38:chr3:132500000:T:A	ENSG00000138246	0.00	-50	0.00	-50	0.00	-5	0.00	-50
GRCh38:chr3:134000000:C:G	ENSG00000174640	0.04	-19	0.00	-50	0.04	-19	0.00	-50
GRCh38:chr3:134500000:A:C	ENSG00000182923	0.01	11	0.00	-50	0.01	11	0.00	-50
GRCh38:chr3:135000000:C:G	ENSG00000154928	0.00	-50	0.00	-50	0.00	-1	0.00	-50
GRCh38:chr3:136000000:A:C	ENSG00000073711	0.00	-50	0.00	-50	0.00	9	0.00	-50
GRCh38:chr3:136500000:T:A	ENSG00000118007	0.00	-50	0.00	-50	0.00	-1	0.00	-50
GRCh38:chr3:137000000:T:A	ENSG00000174564	0.00	-50	0.00	-50	0.00	23	0.00	-50
GRCh38:chr3:138000000:A:C	ENSG00000066405	0.05	-35	0.00	-50	0.05	-35	0.00	-49
GRCh38:chr3:138500000:G:T	ENSG00000114107	0.00	-50	0.00	-50	0.00	-2	0.00	-50
GRCh38:chr3:140000000:A:C	ENSG00000158258	0.00	-50	0.00	-50	0.00	27	0.00	-50
GRCh38:chr3:140500000:G:T	ENSG00000158258	0.00	-50	0.00	-50	0.00	-9	0.00	-50
GRCh38:chr3:141500000:T:A	ENSG00000155903	0.00	-50	0.00	-50	0.00	-47	0.00	-47
GRCh38:chr3:142000000:G:T	ENSG00000114126	0.00	-50	0.00	-50	0.00	-32	0.00	-50
GRCh38:chr3:142500000:T:A	ENSG00000175054	0.01	2	0.00	-50	0.01	2	0.00	-50
GRCh38:chr3:143000000:G:T	ENSG00000163714	0.00	-50	0.00	-50	0.00	-5	0.00	-50
GRCh38:chr3:143500000:G:T	ENSG00000181804	0.00	-50	0.00	-50	0.00	24	0.00	-50
GRCh38:chr3:144000000:A:C	ENSG00000181744	0.00	-50	0.00	-50	0.00	0	0.00	-49
GRCh38:chr3:147500000:C:G	ENSG00000152977	0.00	-50	0.00	-50	0.00	23	0.00	-50
GRCh38:chr3:149000000:A:C	ENSG00000163754	0.00	-50	0.00	-50	0.00	49	0.00	-48
GRCh38:chr3:149500000:T:A	ENSG00000169903	0.01	-36	0.00	-50	0.01	49	0.00	-50
GRCh38:chr3:150000000:T:A	ENSG00000070087	0.00	-50	0.00	-50	0.00	2	0.00	-50
GRCh38:chr3:155500000:A:C	ENSG00000114805	0.00	-50	0.00	-50	0.00	-17	0.00	-50
GRCh38:chr3:156500000:G:T	ENSG00000169282	0.01	-3	0.00	-50	0.01	-3	0.00	-42
GRCh38:chr3:157000000:T:A	ENSG00000197980	0.00	-50	0.00	-50	0.00	23	0.00	-50
GRCh38:chr3:157500000:A:C	ENSG00000197415	0.00	-50	0.00	-50	0.00	-1	0.00	-50
GRCh38:chr3:158500000:T:A	ENSG00000174891	0.08	29	0.00	-50	0.08	29	0.00	-50
GRCh38:chr3:159000000:C:G	ENSG00000214216	0.00	-50	0.00	-50	0.00	2	0.00	-50
GRCh38:chr3:159000000:C:G	ENSG00000283154	0.00	-50	0.00	-50	0.00	2	0.00	-50
GRCh38:chr3:159500000:A:C	ENSG00000283154	0.01	4	0.00	-50	0.01	4	0.00	-50
GRCh38:chr3:160500000:T:A	ENSG00000186432	0.00	-50	0.00	-50	0.00	-1	0.00	-50
GRCh38:chr3:161000000:T:A	ENSG00000163590	0.00	-50	0.00	-50	0.00	-27	0.00	-50
GRCh38:chr3:161500000:T:A	ENSG00000182447	0.00	-50	0.00	-50	0.00	12	0.00	-50
GRCh38:chr3:165000000:T:A	ENSG00000090402	0.00	-50	0.00	-50	0.00	1	0.00	-50
GRCh38:chr3:167500000:G:T	ENSG00000174776	0.00	-50	0.00	-50	0.00	-22	0.00	-50
GRCh38:chr3:169500000:T:A	ENSG00000085276	0.00	-50	0.00	-50	0.00	7	0.00	-50
GRCh38:chr3:170500000:G:T	ENSG00000013293	0.00	-50	0.00	-50	0.00	1	0.00	-50
GRCh38:chr3:170500000:G:T	ENSG00000285218	0.01	13	0.00	-50	0.01	13	0.00	-50
GRCh38:chr3:171000000:C:G	ENSG00000163581	0.00	-50	0.00	-50	0.00	-31	0.00	-50
GRCh38:chr3:173000000:T:A	ENSG00000144962	0.00	-50	0.00	-50	0.00	12	0.00	-50
GRCh38:chr3:173500000:G:T	ENSG00000169760	0.00	-50	0.00	-50	0.00	13	0.00	-50
GRCh38:chr3:174000000:A:C	ENSG00000169760	0.04	-8	0.00	-50	0.04	-8	0.00	-50
GRCh38:chr3:174500000:A:C	ENSG00000177694	0.04	-16	0.00	-50	0.04	-16	0.00	-50
GRCh38:chr3:175000000:C:G	ENSG00000177694	0.00	-50	0.00	-50	0.00	5	0.00	-50
GRCh38:chr3:175500000:T:A	ENSG00000177694	0.00	-50	0.00	-50	0.00	-4	0.00	-50
GRCh38:chr3:178500000:T:A	ENSG00000197584	0.00	-50	0.00	-50	0.00	-2	0.00	-49
GRCh38:chr3:178500000:T:A	ENSG00000275163	0.00	-50	0.00	-50	0.00	-2	0.00	-49
GRCh38:chr3:179000000:T:A	ENSG00000172667	0.00	-50	0.00	-50	0.00	1	0.00	-50
GRCh38:chr3:180000000:T:A	ENSG00000114757	0.00	-50	0.00	-50	0.00	8	0.00	-50
GRCh38:chr3:183500000:C:G	ENSG00000172578	0.02	-27	0.00	-50	0.02	-27	0.00	-49
GRCh38:chr3:184000000:A:C	ENSG00000114770	0.00	-50	0.00	-50	0.00	1	0.00	-50
GRCh38:chr3:185000000:T:A	ENSG00000156931	0.01	0	0.00	-50	0.01	0	0.00	-50
GRCh38:chr3:187000000:G:T	ENSG00000073849	0.00	-50	0.00	-50	0.00	0	0.00	-50
GRCh38:chr3:188500000:T:A	ENSG00000145012	0.00	-50	0.00	-50	0.00	6	0.00	-50
GRCh38:chr3:189000000:G:T	ENSG00000188001	0.00	-50	0.00	-50	0.00	-1	0.00	-50
GRCh38:chr3:190000000:A:C	ENSG00000090530	0.00	-50	0.00	-50	0.00	-6	0.00	-50
GRCh38:chr3:192500000:T:A	ENSG00000114279	0.00	-50	0.00	-50	0.00	0	0.00	-50
GRCh38:chr3:193500000:T:A	ENSG00000127249	0.00	-50	0.00	-50	0.00	-8	0.00	-50
GRCh38:chr3:196500000:A:C	ENSG00000163961	0.00	-50	0.00	-50	0.00	-36	0.00	-50
GRCh38:chr3:197000000:T:A	ENSG00000163975	0.00	-50	0.00	-50	0.00	1	0.00	-50
GRCh38:chr3:198000000:A:C	ENSG00000185621	0.00	-50	0.00	-50	0.00	35	0.00	-49
GRCh38:chr4:500000:G:T	ENSG00000174227	0.02	47	0.00	-50	0.02	47	0.00	-50
GRCh38:chr4:1000000:C:G	ENSG00000127415	0.01	-47	0.00	-50	0.01	-47	0.00	-50
GRCh38:chr4:2000000:A:C	ENSG00000185049	0.00	-50	0.00	-50	0.00	-28	0.00	-50
GRCh38:chr4:2500000:C:G	ENSG00000063978	0.00	-50	0.00	-50	0.00	-23	0.00	-50
GRCh38:chr4:3000000:A:C	ENSG00000125388	0.00	-50	0.00	-50	0.00	-12	0.00	-50
GRCh38:chr4:3500000:G:T	ENSG00000175920	0.00	-50	0.00	-50	0.00	3	0.00	-50
GRCh38:chr4:4500000:T:A	ENSG00000168818	0.00	-50	0.00	-50	0.00	4	0.00	-49
GRCh38:chr4:5500000:A:C	ENSG00000152953	0.00	-50	0.00	-50	0.00	3	0.00	-50
GRCh38:chr4:6000000:G:T	ENSG00000181215	0.01	3	0.00	-50	0.01	3	0.00	-50
GRCh38:chr4:6500000:T:A	ENSG00000074211	0.00	-50	0.00	-50	0.00	-2	0.00	-50
GRCh38:chr4:7000000:A:C	ENSG00000132405	0.00	-50	0.00	-50	0.00	49	0.00	-50
GRCh38:chr4:7500000:G:T	ENSG00000184985	0.05	28	0.00	-50	0.05	28	0.00	-50
GRCh38:chr4:8000000:T:A	ENSG00000163995	0.02	42	0.00	-50	0.02	42	0.00	-50
GRCh38:chr4:10000000:C:G	ENSG00000109667	0.00	-50	0.00	-50	0.00	5	0.00	-50
GRCh38:chr4:10500000:G:T	ENSG00000109684	0.00	-50	0.00	-50	0.00	30	0.00	-50
GRCh38:chr4:15500000:T:A	ENSG00000048342	0.00	-50	0.00	-50	0.00	1	0.00	-50
GRCh38:chr4:16000000:T:A	ENSG00000007062	0.00	-50	0.00	-50	0.00	-39	0.00	-50
GRCh38:chr4:17500000:T:A	ENSG00000151552	0.00	-50	0.00	-50	0.00	-26	0.00	-50
GRCh38:chr4:18000000:C:G	ENSG00000178177	0.00	-50	0.00	-50	0.00	2	0.00	-50
GRCh38:chr4:20500000:A:C	ENSG00000145147	0.00	-50	0.00	-50	0.00	0	0.00	-50
GRCh38:chr4:21000000:A:C	ENSG00000185774	0.00	-50	0.00	-50	0.00	38	0.00	-50
GRCh38:chr4:21500000:A:C	ENSG00000185774	0.00	-50	0.00	-50	0.00	-15	0.00	-49
GRCh38:chr4:22500000:A:C	ENSG00000152990	0.05	-28	0.00	-50	0.05	-28	0.00	-50
GRCh38:chr4:25000000:T:A	ENSG00000153012	0.00	-50	0.00	-50	0.00	-37	0.00	-49
GRCh38:chr4:27000000:C:G	ENSG00000109689	0.00	-50	0.00	-50	0.00	14	0.00	-50
GRCh38:chr4:31000000:A:C	ENSG00000169851	0.00	-50	0.00	-50	0.00	-2	0.00	-50
GRCh38:chr4:36000000:T:A	ENSG00000047365	0.00	-50	0.00	-50	0.00	1	0.00	-50
GRCh38:chr4:37500000:G:T	ENSG00000154274	0.00	-50	0.00	-50	0.00	-2	0.00	-49
GRCh38:chr4:38000000:T:A	ENSG00000065882	0.00	-50	0.00	-50	0.00	-2	0.00	-50
GRCh38:chr4:39000000:T:A	ENSG00000121895	0.01	-14	0.00	-50	0.01	-14	0.00	-50
GRCh38:chr4:39500000:A:C	ENSG00000109814	0.00	-50	0.00	-50	0.00	0	0.00	-50
GRCh38:chr4:40500000:T:A	ENSG00000163694	0.00	-50	0.00	-50	0.00	2	0.00	-50
GRCh38:chr4:41000000:A:C	ENSG00000163697	0.00	-50	0.00	-50	0.00	-15	0.00	-50
GRCh38:chr4:41500000:T:A	ENSG00000064042	0.00	-50	0.00	-50	0.00	27	0.00	-50
GRCh38:chr4:42000000:G:T	ENSG00000014824	0.00	-50	0.00	-50	0.00	31	0.00	-50
GRCh38:chr4:42500000:G:T	ENSG00000124406	0.00	-50	0.00	-50	0.00	-3	0.00	-50
GRCh38:chr4:43000000:A:C	ENSG00000215203	0.00	-50	0.00	-50	0.00	0	0.00	-50
GRCh38:chr4:47000000:T:A	ENSG00000163288	0.00	-50	0.00	-50	0.00	6	0.00	-50
GRCh38:chr4:47500000:A:C	ENSG00000145246	0.00	-50	0.00	-50	0.00	29	0.00	-50
GRCh38:chr4:48000000:C:G	ENSG00000163293	0.00	-50	0.00	-50	0.00	5	0.00	-50
GRCh38:chr4:48000000:C:G	ENSG00000198515	0.00	-50	0.00	-50	0.00	-1	0.00	-50
GRCh38:chr4:48500000:G:T	ENSG00000075539	0.01	7	0.00	-50	0.01	7	0.00	-50
GRCh38:chr4:49000000:T:A	ENSG00000109182	0.00	-50	0.00	-50	0.00	2	0.00	-50
GRCh38:chr4:52000000:A:C	ENSG00000188993	0.00	-50	0.00	-50	0.00	41	0.00	-50
GRCh38:chr4:53000000:G:T	ENSG00000184178	0.03	-23	0.00	-50	0.03	-23	0.00	-50
GRCh38:chr4:53500000:A:C	ENSG00000072201	0.00	-50	0.00	-50	0.00	-11	0.00	-50
GRCh38:chr4:53500000:A:C	ENSG00000282278	0.00	-50	0.00	-50	0.00	-5	0.00	-50
GRCh38:chr4:54000000:A:C	ENSG00000282278	0.00	-50	0.00	-50	0.00	0	0.00	-50
GRCh38:chr4:55500000:T:A	ENSG00000134852	0.00	-50	0.00	-50	0.00	-21	0.00	-50
GRCh38:chr4:56000000:G:T	ENSG00000174799	0.01	8	0.00	-50	0.01	8	0.00	-50
GRCh38:chr4:56500000:G:T	ENSG00000174780	0.00	-50	0.00	-50	0.00	7	0.00	-49
GRCh38:chr4:57000000:T:A	ENSG00000047315	0.03	-40	0.00	-50	0.03	27	0.00	-50
GRCh38:chr4:61500000:A:C	ENSG00000150471	0.00	-50	0.00	-50	0.00	0	0.00	-50
GRCh38:chr4:62000000:T:A	ENSG00000150471	0.00	-50	0.00	-50	0.00	-2	0.00	-50
GRCh38:chr4:65500000:A:C	ENSG00000145242	0.00	-50	0.00	-50	0.00	-1	0.00	-50
GRCh38:chr4:67500000:C:G	ENSG00000145241	0.00	-50	0.00	-50	0.00	27	0.00	-50
GRCh38:chr4:69500000:G:T	ENSG00000156096	0.00	-50	0.00	-50	0.00	5	0.00	-50
GRCh38:chr4:70000000:A:C	ENSG00000126549	0.03	-45	0.00	-50	0.03	-45	0.00	-50
GRCh38:chr4:71000000:T:A	ENSG00000156136	0.00	-50	0.00	-50	0.00	12	0.00	-50
GRCh38:chr4:71000000:T:A	ENSG00000173542	0.00	-50	0.00	-50	0.00	12	0.00	-50
GRCh38:chr4:71500000:T:A	ENSG00000080493	0.00	-50	0.00	-50	0.00	25	0.00	-50
GRCh38:chr4:72500000:C:G	ENSG00000156140	0.01	-48	0.00	-50	0.01	-48	0.00	-49
GRCh38:chr4:73500000:A:C	ENSG00000079557	0.20	8	-0.07	4	0.20	8	-0.07	4
GRCh38:chr4:75000000:C:G	ENSG00000169116	0.00	-50	0.00	-50	0.00	49	0.00	-49
GRCh38:chr4:75500000:G:T	ENSG00000163743	0.00	-50	0.00	-50	0.00	13	0.00	-50
GRCh38:chr4:76500000:T:A	ENSG00000138771	0.00	-50	0.00	-50	0.00	-2	0.00	-50
GRCh38:chr4:77000000:T:A	ENSG00000138758	0.00	-50	0.00	-50	0.00	6	0.00	-50
GRCh38:chr4:78500000:C:G	ENSG00000138759	0.00	-50	0.00	-50	0.00	-17	0.00	-50
GRCh38:chr4:80000000:T:A	ENSG00000163297	0.00	-50	0.00	-50	0.00	10	0.00	-50
GRCh38:chr4:80500000:A:C	ENSG00000197826	0.00	-50	0.00	-50	0.00	0	0.00	-50
GRCh38:chr4:81500000:T:A	ENSG00000138670	0.00	-50	0.00	-50	0.00	-1	0.00	-50
GRCh38:chr4:82000000:T:A	ENSG00000138670	0.00	-50	0.00	-50	0.00	-12	0.00	-50
GRCh38:chr4:82500000:C:G	ENSG00000249242	0.00	-50	0.00	-50	0.00	-1	0.00	-50
GRCh38:chr4:83000000:C:G	ENSG00000189308	0.00	-50	0.00	-50	0.00	-1	0.00	-50
GRCh38:chr4:83500000:A:C	ENSG00000163322	0.00	-50	0.00	-50	0.00	-7	0.00	-50
GRCh38:chr4:85500000:G:T	ENSG00000138639	0.00	-50	0.00	-50	0.00	24	0.00	-50
GRCh38:chr4:86000000:T:A	ENSG00000109339	0.00	-50	0.00	-50	0.00	-8	0.00	-50
GRCh38:chr4:86000000:T:A	ENSG00000138639	0.00	-50	0.00	-50	0.00	4	0.00	-50
GRCh38:chr4:86500000:A:C	ENSG00000109339	0.00	-50	0.00	-50	0.00	0	0.00	-50
GRCh38:chr4:87000000:C:G	ENSG00000172493	0.00	-50	0.00	-50	0.00	4	0.00	-50
GRCh38:chr4:87500000:T:A	ENSG00000152583	0.00	-50	0.00	-50	0.00	7	0.00	-50
GRCh38:chr4:88500000:A:C	ENSG00000138646	0.00	-50	0.00	-50	0.00	1	0.00	-50
GRCh38:chr4:89000000:T:A	ENSG00000138640	0.09	20	0.00	-50	0.09	20	0.00	-50
GRCh38:chr4:90500000:G:T	ENSG00000184305	0.00	-50	0.00	-50	0.00	3	0.00	-50
GRCh38:chr4:91000000:A:C	ENSG00000184305	0.00	-50	0.00	-50	0.00	2	0.00	-50
GRCh38:chr4:91500000:T:A	ENSG00000184305	0.00	-50	0.00	-50	0.00	-1	0.00	-50
GRCh38:chr4:92500000:C:G	ENSG00000152208	0.00	-50	0.00	-50	0.00	11	0.00	-50
GRCh38:chr4:93000000:A:C	ENSG00000152208	0.00	-50	0.00	-50	0.00	0	0.00	-50
GRCh38:chr4:93500000:A:C	ENSG00000152208	0.00	-50	0.00	-50	0.00	-8	0.00	-50
GRCh38:chr4:94500000:A:C	ENSG00000163110	0.00	-50	0.00	-50	0.00	-14	0.00	-50
GRCh38:chr4:95000000:T:A	ENSG00000138696	0.00	-50	0.00	-50	0.00	-2	0.00	-50
GRCh38:chr4:95500000:T:A	ENSG00000182168	0.00	-50	0.00	-50	0.00	9	0.00	-50
GRCh38:chr4:97500000:T:A	ENSG00000163116	0.00	-50	0.00	-50	0.00	6	0.00	-50
GRCh38:chr4:98000000:T:A	ENSG00000163116	0.00	-50	0.00	-50	0.00	-32	0.00	-50
GRCh38:chr4:98500000:T:A	ENSG00000168785	0.01	-11	0.00	-50	0.01	-11	0.00	-50
GRCh38:chr4:99000000:T:A	ENSG00000164024	0.00	-50	0.00	-50	0.00	43	0.00	-50
GRCh38:chr4:100500000:A:C	ENSG00000164035	0.00	-50	0.00	-50	0.00	0	0.00	-50
GRCh38:chr4:101500000:G:T	ENSG00000153064	0.01	-40	0.00	-50	0.01	22	0.00	-50
GRCh38:chr4:102000000:A:C	ENSG00000153064	0.00	-50	0.00	-50	0.00	2	0.00	-50
GRCh38:chr4:103000000:A:C	ENSG00000164037	0.00	-50	0.00	-50	0.00	2	0.00	-50
GRCh38:chr4:106000000:C:G	ENSG00000168743	0.00	-50	0.00	-50	0.00	4	0.00	-50
GRCh38:chr4:107000000:G:T	ENSG00000155011	0.00	-50	0.00	-50	0.00	-21	0.00	-50
GRCh38:chr4:108000000:C:G	ENSG00000138796	0.00	-50	0.00	-50	0.00	2	0.00	-50
GRCh38:chr4:109000000:A:C	ENSG00000188517	0.00	-50	0.00	-50	0.00	0	0.00	-50
GRCh38:chr4:109500000:T:A	ENSG00000138802	0.00	-50	0.00	-50	0.00	0	0.00	-50
GRCh38:chr4:110000000:C:G	ENSG00000138798	0.00	-50	0.00	-50	0.00	14	0.00	-50
GRCh38:chr4:110500000:C:G	ENSG00000138792	0.00	-50	0.00	-50	0.00	15	0.00	-50
GRCh38:chr4:113000000:A:C	ENSG00000145362	0.00	-50	0.00	-50	0.00	-22	0.00	-50
GRCh38:chr4:113500000:A:C	ENSG00000145349	0.00	-50	0.00	-50	0.00	2	0.00	-50
GRCh38:chr4:115000000:T:A	ENSG00000138653	0.02	-17	0.00	-50	0.02	-17	0.00	-50
GRCh38:chr4:119000000:C:G	ENSG00000172403	0.00	-50	0.00	-50	0.00	2	0.00	-50
GRCh38:chr4:119500000:A:C	ENSG00000138735	0.00	-50	0.00	-50	0.00	-2	0.00	-50
GRCh38:chr4:123000000:T:A	ENSG00000145375	0.01	-13	0.00	-50	0.01	-13	0.00	-50
GRCh38:chr4:128000000:T:A	ENSG00000164074	0.21	1	0.00	-50	0.21	1	0.00	-50
GRCh38:chr4:129000000:T:A	ENSG00000151466	0.00	-50	0.00	-50	0.00	-9	0.00	-50
GRCh38:chr4:139500000:T:A	ENSG00000145391	0.00	-50	0.00	-50	0.00	27	0.00	-49
GRCh38:chr4:140000000:T:A	ENSG00000196782	0.00	-50	0.00	-50	0.00	-18	0.00	-50
GRCh38:chr4:141000000:A:C	ENSG00000170153	0.00	-50	0.00	-50	0.00	1	0.00	-50
GRCh38:chr4:142500000:A:C	ENSG00000109452	0.00	-50	0.00	-50	0.00	3	0.00	-50
GRCh38:chr4:144000000:G:T	ENSG00000250361	0.00	-50	0.00	-50	0.00	6	0.00	-50
GRCh38:chr4:144500000:A:C	ENSG00000285713	0.00	-50	0.00	-50	0.00	16	0.00	-50
GRCh38:chr4:145000000:A:C	ENSG00000164162	0.00	-50	0.00	-50	0.00	44	0.00	-46
GRCh38:chr4:145000000:A:C	ENSG00000285713	0.00	-50	0.00	-50	0.00	44	0.00	-46
GRCh38:chr4:145500000:T:A	ENSG00000170365	0.00	-50	0.00	-50	0.00	2	0.00	-50
GRCh38:chr4:146500000:C:G	ENSG00000120519	0.00	-50	0.00	-50	0.00	-13	0.00	-50
GRCh38:chr4:147500000:T:A	ENSG00000151617	0.00	-50	0.00	-50	0.00	-2	0.00	-50
GRCh38:chr4:148000000:A:C	ENSG00000071205	0.01	47	0.00	-50	0.01	47	0.00	-50
GRCh38:chr4:149500000:C:G	ENSG00000234828	0.11	45	0.00	-50	0.11	45	0.00	-49
GRCh38:chr4:150500000:A:C	ENSG00000198589	0.00	-50	0.00	-50	0.00	0	0.00	-50
GRCh38:chr4:151000000:C:G	ENSG00000198589	0.01	-1	0.00	-50	0.01	0	0.00	-50
GRCh38:chr4:151500000:T:A	ENSG00000164142	0.00	-50	0.00	-50	0.00	11	0.00	-50
GRCh38:chr4:152500000:G:T	ENSG00000109670	0.01	-10	0.00	-50	0.01	-10	0.00	-50
GRCh38:chr4:153500000:G:T	ENSG00000121210	0.00	-50	0.00	-50	0.00	1	0.00	-50
GRCh38:chr4:158500000:A:C	ENSG00000171509	0.00	-50	0.00	-50	0.00	-43	0.00	-50
GRCh38:chr4:159000000:T:A	ENSG00000164123	0.00	-50	0.00	-50	0.00	-7	0.00	-50
GRCh38:chr4:161500000:C:G	ENSG00000168843	0.00	-50	0.00	-50	0.00	17	0.00	-50
GRCh38:chr4:162000000:A:C	ENSG00000168843	0.00	-50	0.00	-50	0.00	-1	0.00	-49
GRCh38:chr4:163500000:A:C	ENSG00000198498	0.00	-50	0.00	-50	0.00	9	0.00	-50
GRCh38:chr4:164000000:G:T	ENSG00000145416	0.00	-50	0.00	-50	0.00	2	0.00	-50
GRCh38:chr4:166000000:C:G	ENSG00000038295	0.00	-50	0.00	-50	0.00	4	0.00	-50
GRCh38:chr4:167000000:A:C	ENSG00000196104	0.00	-50	0.00	-50	0.00	-32	0.00	-50
GRCh38:chr4:168500000:C:G	ENSG00000129116	0.00	-50	0.00	-50	0.00	49	0.00	-50
GRCh38:chr4:168500000:C:G	ENSG00000181381	0.00	-50	0.00	-50	0.00	-3	0.00	-50
GRCh38:chr4:169000000:T:A	ENSG00000145439	0.00	-50	0.00	-50	0.00	-3	0.00	-50
GRCh38:chr4:169500000:G:T	ENSG00000137601	0.00	-50	0.00	-50	0.00	2	0.00	-50
GRCh38:chr4:170000000:G:T	ENSG00000198948	0.00	-50	0.00	-50	0.00	-9	0.00	-50
GRCh38:chr4:172000000:T:A	ENSG00000174473	0.00	-50	0.00	-50	0.00	-5	0.00	-50
GRCh38:chr4:172500000:A:C	ENSG00000174473	0.01	-31	0.00	-50	0.01	-31	0.00	-50
GRCh38:chr4:173000000:C:G	ENSG00000174473	0.00	-50	0.00	-50	0.00	-1	0.00	-50
GRCh38:chr4:174500000:C:G	ENSG00000164120	0.00	-50	0.00	-50	0.00	-8	0.00	-50
GRCh38:chr4:176000000:T:A	ENSG00000150625	0.10	2	0.00	-50	0.10	2	0.00	-50
GRCh38:chr4:182500000:A:C	ENSG00000218336	0.00	-50	0.00	-50	0.00	2	0.00	-50
GRCh38:chr4:184000000:A:C	ENSG00000173320	0.00	-50	0.00	-50	0.00	0	0.00	-50
GRCh38:chr4:186500000:C:G	ENSG00000272297	0.00	-50	0.00	-50	0.00	-1	0.00	-50
GRCh38:chr4:188000000:C:G	ENSG00000179059	0.00	-50	0.00	-50	0.00	21	0.00	-50
GRCh38:chr5:500000:A:C	ENSG00000066230	0.00	-50	0.00	-50	0.00	5	0.00	-50
GRCh38:chr5:1500000:C:G	ENSG00000153395	0.00	-50	0.00	-50	0.00	-2	0.00	-50
GRCh38:chr5:7500000:G:T	ENSG00000078295	0.00	-50	0.00	-50	0.00	-7	0.00	-49
GRCh38:chr5:9500000:T:A	ENSG00000112902	0.00	-50	0.00	-50	0.00	9	0.00	-50
GRCh38:chr5:11000000:T:A	ENSG00000169862	0.00	-50	0.00	-50	0.00	-9	0.00	-47
GRCh38:chr5:11500000:T:A	ENSG00000169862	0.00	-50	0.00	-50	0.00	1	0.00	-50
GRCh38:chr5:14000000:T:A	ENSG00000039139	0.00	-50	0.00	-50	0.00	-8	0.00	-50
GRCh38:chr5:14500000:G:T	ENSG00000038382	0.00	-50	0.00	-50	0.00	-1	0.00	-49
GRCh38:chr5:16500000:A:C	ENSG00000154153	0.00	-50	0.00	-50	0.00	-22	0.00	-50
GRCh38:chr5:19500000:T:A	ENSG00000145526	0.00	-50	0.00	-50	0.00	-4	0.00	-50
GRCh38:chr5:20000000:T:A	ENSG00000145526	0.00	-50	0.00	-50	0.00	0	0.00	-50
GRCh38:chr5:20500000:T:A	ENSG00000145526	0.00	-50	0.00	-50	0.00	4	0.00	-50
GRCh38:chr5:22000000:C:G	ENSG00000154162	0.04	-16	0.00	-50	0.04	-16	0.00	-50
GRCh38:chr5:22500000:G:T	ENSG00000154162	0.00	-50	0.00	-50	0.00	-1	0.00	-50
GRCh38:chr5:23500000:A:C	ENSG00000164256	0.00	-50	0.00	-50	0.00	-48	0.00	-50
GRCh38:chr5:24500000:A:C	ENSG00000040731	0.00	-50	0.00	-50	0.00	-9	0.00	-50
GRCh38:chr5:27000000:A:C	ENSG00000113100	0.00	-50	0.00	-50	0.00	32	0.00	-50
GRCh38:chr5:31500000:G:T	ENSG00000113360	0.08	-44	0.00	-50	0.08	-44	0.00	-50
GRCh38:chr5:32000000:T:A	ENSG00000133401	0.00	-50	0.00	-50	0.00	16	0.00	-50
GRCh38:chr5:34000000:A:C	ENSG00000242110	0.00	-50	0.00	-50	0.00	2	0.00	-50
GRCh38:chr5:34000000:A:C	ENSG00000273294	0.00	-50	0.00	-50	0.00	2	0.00	-50
GRCh38:chr5:35000000:T:A	ENSG00000113492	0.00	-50	0.00	-50	0.00	2	0.00	-50
GRCh38:chr5:36000000:T:A	ENSG00000145626	0.00	-50	0.00	-50	0.00	-4	0.00	-50
GRCh38:chr5:37000000:T:A	ENSG00000164190	0.00	-50	0.00	-50	0.00	-7	0.00	-50
GRCh38:chr5:37500000:T:A	ENSG00000082068	0.00	-50	0.00	-50	0.00	3	0.00	-50
GRCh38:chr5:38500000:T:A	ENSG00000113594	0.00	-50	0.00	-50	0.00	22	0.00	-50
GRCh38:chr5:39000000:A:C	ENSG00000164327	0.00	-50	0.00	-50	0.00	5	0.00	-50
GRCh38:chr5:41000000:A:C	ENSG00000171495	0.00	-50	0.00	-50	0.00	-5	0.00	-50
GRCh38:chr5:41500000:A:C	ENSG00000182836	0.00	-50	0.00	-50	0.00	3	0.00	-50
GRCh38:chr5:42500000:C:G	ENSG00000112964	0.00	-50	0.00	-50	0.00	11	0.00	-50
GRCh38:chr5:43500000:T:A	ENSG00000172244	0.00	-50	0.00	-50	0.00	6	0.00	-50
GRCh38:chr5:45500000:A:C	ENSG00000164588	0.00	-50	0.00	-50	0.00	13	0.00	-50
GRCh38:chr5:53000000:T:A	ENSG00000164171	0.00	-50	0.00	-50	0.00	24	0.00	-50
GRCh38:chr5:54000000:G:T	ENSG00000185305	0.00	-50	0.00	-50	0.00	0	0.00	-50
GRCh38:chr5:55000000:A:C	ENSG00000164283	0.00	-50	0.00	-50	0.00	-4	0.00	-50
GRCh38:chr5:55500000:A:C	ENSG00000067113	0.00	-50	0.00	-50	0.00	-6	0.00	-50
GRCh38:chr5:59000000:C:G	ENSG00000113448	0.00	-50	0.00	-50	0.00	-6	0.00	-50
GRCh38:chr5:59500000:A:C	ENSG00000113448	0.00	-50	0.00	-50	0.00	2	0.00	-50
GRCh38:chr5:60000000:A:C	ENSG00000113448	0.00	-50	0.00	-50	0.00	10	0.00	-50
GRCh38:chr5:60500000:A:C	ENSG00000113448	0.00	-50	0.00	-50	0.00	-1	0.00	-50
GRCh38:chr5:61000000:T:A	ENSG00000164182	0.00	-50	0.00	-50	0.00	-2	0.00	-50
GRCh38:chr5:61500000:C:G	ENSG00000130449	0.00	-50	0.00	-50	0.00	-11	0.00	-50
GRCh38:chr5:62500000:C:G	ENSG00000086200	0.00	-50	0.00	-50	0.00	-9	0.00	-50
GRCh38:chr5:62500000:C:G	ENSG00000288643	0.00	-50	0.00	-50	0.00	-9	0.00	-50
GRCh38:chr5:65000000:T:A	ENSG00000153015	0.00	-50	0.00	-50	0.00	-3	0.00	-49
GRCh38:chr5:66000000:A:C	ENSG00000112851	0.00	-50	0.00	-50	0.00	-5	0.00	-50
GRCh38:chr5:67000000:T:A	ENSG00000069020	0.00	-50	0.00	-50	0.00	24	0.00	-50
GRCh38:chr5:69500000:A:C	ENSG00000197822	0.00	-50	0.00	-50	0.00	-26	0.00	-50
GRCh38:chr5:71000000:G:T	ENSG00000249437	0.00	-50	0.00	-50	0.00	-23	0.00	-50
GRCh38:chr5:71500000:A:C	ENSG00000145734	0.00	-50	0.00	-50	0.00	-1	0.00	-50
GRCh38:chr5:72500000:G:T	ENSG00000178175	0.00	-50	0.00	-50	0.00	0	0.00	-50
GRCh38:chr5:73000000:A:C	ENSG00000157107	0.00	-50	0.00	-50	0.00	-2	0.00	-50
GRCh38:chr5:73500000:C:G	ENSG00000145741	0.00	-50	0.00	-50	0.00	-24	0.00	-50
GRCh38:chr5:75500000:T:A	ENSG00000113163	0.15	38	0.00	-50	0.15	38	0.00	-50
GRCh38:chr5:76500000:T:A	ENSG00000145703	0.00	-50	0.00	-50	0.00	14	0.00	-50
GRCh38:chr5:77500000:C:G	ENSG00000164253	0.00	-50	0.00	-50	0.00	1	0.00	-50
GRCh38:chr5:78500000:G:T	ENSG00000145685	0.00	-50	0.00	-50	0.00	-1	0.00	-50
GRCh38:chr5:79000000:T:A	ENSG00000132837	0.00	-50	0.00	-50	0.00	47	0.00	-50
GRCh38:chr5:79500000:C:G	ENSG00000152413	0.00	-50	0.00	-50	0.00	30	0.00	-49
GRCh38:chr5:80000000:C:G	ENSG00000113296	0.00	-50	0.00	-50	0.00	1	0.00	-50
GRCh38:chr5:80500000:A:C	ENSG00000152380	0.03	-15	0.00	-50	0.03	-15	0.00	-50
GRCh38:chr5:81000000:A:C	ENSG00000113319	0.00	-50	0.00	-50	0.00	-5	0.00	-50
GRCh38:chr5:81500000:T:A	ENSG00000145687	0.00	-50	0.00	-50	0.00	9	0.00	-50
GRCh38:chr5:82000000:A:C	ENSG00000152348	0.00	-50	0.00	-50	0.00	31	0.00	-50
GRCh38:chr5:83500000:C:G	ENSG00000038427	0.00	-50	0.00	-50	0.00	-1	0.00	-50
GRCh38:chr5:84000000:G:T	ENSG00000164176	0.02	0	0.00	-50	0.02	0	0.00	-50
GRCh38:chr5:90500000:A:C	ENSG00000113356	0.00	-50	0.00	-50	0.00	0	0.00	-50
GRCh38:chr5:91000000:G:T	ENSG00000164199	0.00	-50	0.00	-50	0.00	1	0.00	-50
GRCh38:chr5:94000000:T:A	ENSG00000113391	0.00	-50	0.00	-50	0.00	1	0.00	-49
GRCh38:chr5:94500000:A:C	ENSG00000185261	0.00	-50	0.00	-50	0.00	-2	0.00	-50
GRCh38:chr5:95000000:A:C	ENSG00000175471	0.00	-50	0.00	-50	0.00	22	0.00	-50
GRCh38:chr5:95500000:A:C	ENSG00000198677	0.00	-50	0.00	-50	0.00	-12	0.00	-50
GRCh38:chr5:97000000:T:A	ENSG00000113441	0.00	-50	0.00	-50	0.00	1	0.00	-50
GRCh38:chr5:103000000:C:G	ENSG00000145730	0.00	-50	0.00	-50	0.00	-2	0.00	-50
GRCh38:chr5:107500000:T:A	ENSG00000184349	0.00	-50	0.00	-50	0.00	-43	0.00	-50
GRCh38:chr5:108000000:C:G	ENSG00000145743	0.00	-50	0.00	-50	0.00	-3	0.00	-50
GRCh38:chr5:109000000:G:T	ENSG00000151422	0.00	-50	0.00	-50	0.00	-1	0.00	-50
GRCh38:chr5:110500000:T:A	ENSG00000186952	0.00	-50	0.00	-50	0.00	4	0.00	-50
GRCh38:chr5:111500000:A:C	ENSG00000164211	0.02	19	0.00	-50	0.02	19	0.00	-50
GRCh38:chr5:113000000:G:T	ENSG00000172795	0.00	-50	0.00	-50	0.00	-3	0.00	-50
GRCh38:chr5:116000000:T:A	ENSG00000172901	0.00	-50	0.00	-50	0.00	-4	0.00	-50
GRCh38:chr5:116500000:C:G	ENSG00000092421	0.00	-50	0.00	-50	0.00	-50	0.00	-49
GRCh38:chr5:119500000:G:T	ENSG00000133835	0.00	-50	0.00	-50	0.00	-1	0.00	-50
GRCh38:chr5:120500000:T:A	ENSG00000184838	0.00	-50	0.00	-50	0.00	-4	0.00	-50
GRCh38:chr5:122000000:A:C	ENSG00000151304	0.00	-50	0.00	-50	0.00	-3	0.00	-50
GRCh38:chr5:123000000:G:T	ENSG00000064652	0.01	2	0.00	-50	0.01	2	0.00	-50
GRCh38:chr5:127000000:T:A	ENSG00000173926	0.00	-50	0.00	-50	0.00	-10	0.00	-50
GRCh38:chr5:128500000:T:A	ENSG00000138829	0.00	-50	0.00	-50	0.00	19	0.00	-50
GRCh38:chr5:129000000:A:C	ENSG00000113396	0.00	-50	0.00	-50	0.00	9	0.00	-50
GRCh38:chr5:129500000:C:G	ENSG00000145808	0.00	-50	0.00	-50	0.00	38	0.00	-50
GRCh38:chr5:130000000:T:A	ENSG00000198108	0.00	-50	0.00	-50	0.00	-2	0.00	-50
GRCh38:chr5:131500000:G:T	ENSG00000158987	0.01	29	0.00	-50	0.01	29	0.00	-50
GRCh38:chr5:131500000:G:T	ENSG00000273217	0.01	29	0.00	-50	0.01	29	0.00	-50
GRCh38:chr5:132000000:T:A	ENSG00000164398	0.00	-50	0.00	-50	0.00	0	0.00	-50
GRCh38:chr5:132000000:T:A	ENSG00000281938	0.00	-50	0.00	-50	0.00	0	0.00	-50
GRCh38:chr5:132500000:G:T	ENSG00000125347	0.00	-50	0.00	-50	0.00	2	0.00	-50
GRCh38:chr5:132500000:G:T	ENSG00000283782	0.00	-50	0.00	-50	0.00	43	0.00	-50
GRCh38:chr5:133000000:G:T	ENSG00000155329	0.00	-50	0.00	-50	0.00	-3	0.00	-50
GRCh38:chr5:133500000:C:G	ENSG00000053108	0.01	-11	0.00	-50	0.01	-11	0.00	-50
GRCh38:chr5:134000000:C:G	ENSG00000213585	0.00	-50	0.00	-50	0.00	0	0.00	-50
GRCh38:chr5:135000000:A:C	ENSG00000132570	0.00	-50	0.00	-50	0.00	32	0.00	-50
GRCh38:chr5:135000000:A:C	ENSG00000152705	0.00	-50	0.00	-50	0.00	32	0.00	-50
GRCh38:chr5:137000000:C:G	ENSG00000152377	0.01	-31	0.00	-50	0.01	-31	0.00	-50
GRCh38:chr5:137500000:T:A	ENSG00000152377	0.00	-50	0.00	-50	0.00	21	0.00	-50
GRCh38:chr5:138000000:T:A	ENSG00000031003	0.00	-50	0.00	-50	0.00	-2	0.00	-50
GRCh38:chr5:139000000:T:A	ENSG00000120725	0.00	-50	0.00	-50	0.00	-2	0.00	-50
GRCh38:chr5:140000000:T:A	ENSG00000158458	0.00	-50	0.00	-50	0.00	-2	0.00	-50
GRCh38:chr5:140500000:C:G	ENSG00000131503	0.38	-5	0.00	-50	0.38	-5	0.00	-50
GRCh38:chr5:140500000:C:G	ENSG00000254996	0.38	-5	0.00	-50	0.38	-5	0.00	-50
GRCh38:chr5:141000000:A:C	ENSG00000081842	0.00	-50	0.00	-50	0.00	-4	0.00	-50
GRCh38:chr5:141000000:A:C	ENSG00000204961	0.00	-50	0.00	-50	0.00	-4	0.00	-50
GRCh38:chr5:141000000:A:C	ENSG00000204962	0.00	-50	0.00	-50	0.00	-4	0.00	-50
GRCh38:chr5:141000000:A:C	ENSG00000204963	0.00	-50	0.00	-50	0.00	-4	0.00	-50
GRCh38:chr5:141000000:A:C	ENSG00000204965	0.00	-50	0.00	-50	0.00	-4	0.00	-50
GRCh38:chr5:141000000:A:C	ENSG00000204967	0.00	-50	0.00	-50	0.00	-4	0.00	-50
GRCh38:chr5:141000000:A:C	ENSG00000204969	0.00	-50	0.00	-50	0.00	-4	0.00	-50
GRCh38:chr5:141000000:A:C	ENSG00000204970	0.00	-50	0.00	-50	0.00	-4	0.00	-50
GRCh38:chr5:141000000:A:C	ENSG00000239389	0.00	-50	0.00	-50	0.00	-4	0.00	-50
GRCh38:chr5:141000000:A:C	ENSG00000243232	0.00	-50	0.00	-50	0.00	-4	0.00	-50
GRCh38:chr5:141000000:A:C	ENSG00000248383	0.00	-50	0.00	-50	0.00	-4	0.00	-50
GRCh38:chr5:141000000:A:C	ENSG00000249158	0.00	-50	0.00	-50	0.00	-4	0.00	-50
GRCh38:chr5:141000000:A:C	ENSG00000250120	0.00	-50	0.00	-50	0.00	-4	0.00	-50
GRCh38:chr5:141000000:A:C	ENSG00000251664	0.00	-50	0.00	-50	0.00	-4	0.00	-50
GRCh38:chr5:141000000:A:C	ENSG00000255408	0.00	-50	0.00	-50	0.00	-4	0.00	-50
GRCh38:chr5:141500000:C:G	ENSG00000081853	0.00	-50	0.00	-50	0.00	24	0.00	-50
GRCh38:chr5:141500000:C:G	ENSG00000204956	0.00	-50	0.00	-50	0.00	24	0.00	-50
GRCh38:chr5:141500000:C:G	ENSG00000240184	0.00	-50	0.00	-50	0.00	24	0.00	-50
GRCh38:chr5:141500000:C:G	ENSG00000240764	0.00	-50	0.00	-50	0.00	24	0.00	-50
GRCh38:chr5:141500000:C:G	ENSG00000242419	0.00	-50	0.00	-50	0.00	24	0.00	-50
GRCh38:chr5:141500000:C:G	ENSG00000253159	0.00	-50	0.00	-50	0.00	24	0.00	-50
GRCh38:chr5:141500000:C:G	ENSG00000253305	0.00	-50	0.00	-50	0.00	24	0.00	-50
GRCh38:chr5:141500000:C:G	ENSG00000253485	0.00	-50	0.00	-50	0.00	24	0.00	-50
GRCh38:chr5:141500000:C:G	ENSG00000253537	0.00	-50	0.00	-50	0.00	24	0.00	-50
GRCh38:chr5:141500000:C:G	ENSG00000253731	0.00	-50	0.00	-50	0.00	24	0.00	-50
GRCh38:chr5:141500000:C:G	ENSG00000253767	0.00	-50	0.00	-50	0.00	24	0.00	-50
GRCh38:chr5:141500000:C:G	ENSG00000253846	0.00	-50	0.00	-50	0.00	24	0.00	-50
GRCh38:chr5:141500000:C:G	ENSG00000253873	0.00	-50	0.00	-50	0.00	24	0.00	-50
GRCh38:chr5:141500000:C:G	ENSG00000253910	0.00	-50	0.00	-50	0.00	24	0.00	-50
GRCh38:chr5:141500000:C:G	ENSG00000253953	0.00	-50	0.00	-50	0.00	24	0.00	-50
GRCh38:chr5:141500000:C:G	ENSG00000254122	0.00	-50	0.00	-50	0.00	24	0.00	-50
GRCh38:chr5:141500000:C:G	ENSG00000254221	0.00	-50	0.00	-50	0.00	24	0.00	-50
GRCh38:chr5:141500000:C:G	ENSG00000254245	0.00	-50	0.00	-50	0.00	24	0.00	-50
GRCh38:chr5:141500000:C:G	ENSG00000261934	0.00	-50	0.00	-50	0.00	24	0.00	-50
GRCh38:chr5:141500000:C:G	ENSG00000262209	0.00	-50	0.00	-50	0.00	24	0.00	-50
GRCh38:chr5:141500000:C:G	ENSG00000262576	0.00	-50	0.00	-50	0.00	24	0.00	-50
GRCh38:chr5:141500000:C:G	ENSG00000276547	0.00	-50	0.00	-50	0.00	24	0.00	-50
GRCh38:chr5:142000000:A:C	ENSG00000113552	0.00	-50	0.00	-50	0.00	13	0.00	-50
GRCh38:chr5:143000000:A:C	ENSG00000145819	0.00	-50	0.00	-50	0.00	-1	0.00	-50
GRCh38:chr5:145500000:T:A	ENSG00000186314	0.00	-50	0.00	-50	0.00	29	0.00	-50
GRCh38:chr5:146000000:C:G	ENSG00000156463	0.00	-50	0.00	-50	0.00	3	0.00	-50
GRCh38:chr5:146500000:T:A	ENSG00000113649	0.00	-50	0.00	-50	0.00	-10	0.00	-50
GRCh38:chr5:147000000:A:C	ENSG00000156475	0.01	2	0.00	-50	0.01	2	0.00	-50
GRCh38:chr5:147500000:T:A	ENSG00000113657	0.00	-50	0.00	-50	0.00	-1	0.00	-50
GRCh38:chr5:148500000:T:A	ENSG00000164270	0.00	-50	0.00	-50	0.00	-32	0.00	-50
GRCh38:chr5:149000000:G:T	ENSG00000169247	0.00	-50	0.00	-50	0.00	-10	0.00	-50
GRCh38:chr5:149500000:G:T	ENSG00000113712	0.00	-50	0.00	-50	0.00	-4	0.00	-50
GRCh38:chr5:150000000:T:A	ENSG00000164296	0.01	2	0.00	-50	0.01	2	0.00	-50
GRCh38:chr5:150500000:T:A	ENSG00000070614	0.00	-50	0.00	-50	0.00	24	0.00	-50
GRCh38:chr5:153500000:T:A	ENSG00000155511	0.03	-3	0.00	-50	0.03	-3	0.00	-50
GRCh38:chr5:154000000:T:A	ENSG00000055147	0.00	-50	0.00	-50	0.00	3	0.00	-50
GRCh38:chr5:156000000:A:C	ENSG00000170624	0.00	-50	0.00	-50	0.00	8	0.00	-50
GRCh38:chr5:156500000:C:G	ENSG00000170624	0.00	-50	0.00	-50	0.00	-2	0.00	-49
GRCh38:chr5:157500000:A:C	ENSG00000135074	0.00	-50	0.00	-50	0.00	3	0.00	-50
GRCh38:chr5:159000000:T:A	ENSG00000164330	0.01	46	0.00	-50	0.01	46	0.00	-50
GRCh38:chr5:161500000:A:C	ENSG00000145864	0.00	-50	0.00	-50	0.00	10	0.00	-50
GRCh38:chr5:167500000:G:T	ENSG00000145934	0.00	-50	0.00	-50	0.00	5	0.00	-50
GRCh38:chr5:168000000:C:G	ENSG00000145934	0.00	-50	0.00	-50	0.00	-1	0.00	-50
GRCh38:chr5:168500000:C:G	ENSG00000113643	0.00	-50	0.00	-50	0.00	-5	0.00	-50
GRCh38:chr5:169000000:A:C	ENSG00000184347	0.00	-50	0.00	-50	0.00	36	0.00	-50
GRCh38:chr5:170000000:C:G	ENSG00000134516	0.00	-50	0.00	-50	0.00	0	0.00	-50
GRCh38:chr5:170500000:C:G	ENSG00000182132	0.00	-50	0.00	-50	0.00	3	0.00	-50
GRCh38:chr5:171000000:G:T	ENSG00000204764	0.00	-50	0.00	-50	0.00	-24	0.00	-50
GRCh38:chr5:172000000:G:T	ENSG00000072803	0.00	-50	0.00	-50	0.00	7	0.00	-50
GRCh38:chr5:173000000:T:A	ENSG00000113732	0.00	-50	0.00	-50	0.00	-11	0.00	-50
GRCh38:chr5:174000000:G:T	ENSG00000185056	0.00	-50	0.00	-50	0.00	-1	0.00	-50
GRCh38:chr5:175500000:C:G	ENSG00000164466	0.00	-50	0.00	-50	0.00	24	0.00	-50
GRCh38:chr5:176000000:C:G	ENSG00000051596	0.00	-50	0.00	-50	0.00	-4	0.00	-50
GRCh38:chr5:176500000:C:G	ENSG00000113194	0.64	12	-0.40	3	0.64	12	-0.40	3
GRCh38:chr5:177000000:C:G	ENSG00000087206	0.00	-50	0.00	-50	0.00	-8	0.00	-49
GRCh38:chr5:178500000:A:C	ENSG00000050767	0.00	-50	0.00	-50	0.00	43	0.00	-50
GRCh38:chr5:180000000:C:G	ENSG00000113269	0.00	-50	0.00	-50	0.00	-1	0.00	-50
GRCh38:chr5:180500000:C:G	ENSG00000113300	0.00	-50	0.00	-50	0.00	-5	0.00	-50
GRCh38:chr5:181000000:G:T	ENSG00000168903	0.00	-50	0.00	-50	0.00	3	0.00	-50
GRCh38:chr6:500000:C:G	ENSG00000112685	0.00	-50	0.00	-50	0.00	-4	0.00	-50
GRCh38:chr6:2000000:A:C	ENSG00000112699	0.00	-50	0.00	-50	0.00	-1	0.00	-50
GRCh38:chr6:3000000:G:T	ENSG00000124588	0.01	20	0.00	-50	0.01	20	0.00	-50
GRCh38:chr6:5000000:A:C	ENSG00000124787	0.00	-50	0.00	-50	0.00	-1	0.00	-50
GRCh38:chr6:5500000:A:C	ENSG00000145982	0.01	-25	0.00	-50	0.01	-25	0.00	-50
GRCh38:chr6:6000000:T:A	ENSG00000124785	0.00	-50	0.00	-50	0.00	-5	0.00	-50
GRCh38:chr6:8000000:G:T	ENSG00000259040	0.02	4	0.00	-50	0.02	4	0.00	-50
GRCh38:chr6:10500000:C:G	ENSG00000111846	0.00	-50	0.00	-50	0.00	-2	0.00	-49
GRCh38:chr6:11000000:C:G	ENSG00000197977	0.00	-50	0.00	-50	0.00	-47	0.00	-50
GRCh38:chr6:13000000:G:T	ENSG00000112137	0.01	22	0.00	-50	0.01	22	0.00	-50
GRCh38:chr6:15500000:C:G	ENSG00000008083	0.00	-50	0.00	-50	0.00	-3	0.00	-49
GRCh38:chr6:16500000:C:G	ENSG00000124788	0.01	-48	0.00	-50	0.01	-48	0.00	-50
GRCh38:chr6:17500000:A:C	ENSG00000112186	0.00	-50	0.00	-50	0.00	14	0.00	-50
GRCh38:chr6:21000000:A:C	ENSG00000145996	0.00	-50	0.00	-50	0.00	-4	0.00	-49
GRCh38:chr6:24500000:A:C	ENSG00000112294	0.00	-50	0.00	-50	0.00	-9	0.00	-50
GRCh38:chr6:25000000:T:A	ENSG00000111913	0.00	-50	0.00	-50	0.00	-5	0.00	-50
GRCh38:chr6:25500000:G:T	ENSG00000079691	0.00	-50	0.00	-50	0.00	27	0.00	-48
GRCh38:chr6:29000000:C:G	ENSG00000197935	0.00	-50	0.00	-50	0.00	-47	0.00	-50
GRCh38:chr6:31500000:C:G	ENSG00000204516	0.00	-50	0.00	-50	0.00	7	0.00	-50
GRCh38:chr6:32000000:A:C	ENSG00000244731	0.01	10	0.00	-50	0.01	10	0.00	-50
GRCh38:chr6:34500000:C:G	ENSG00000124507	0.00	-50	0.00	-50	0.00	6	0.00	-50
GRCh38:chr6:35000000:C:G	ENSG00000064999	0.00	-50	0.00	-50	0.00	47	0.00	-50
GRCh38:chr6:35500000:C:G	ENSG00000112041	0.00	-50	0.00	-50	0.00	-1	0.00	-19
GRCh38:chr6:36000000:A:C	ENSG00000112053	0.02	35	-0.02	-8	0.02	35	-0.02	-8
GRCh38:chr6:36500000:G:T	ENSG00000112079	0.01	-23	-0.01	-10	0.01	-23	-0.01	-10
GRCh38:chr6:38000000:T:A	ENSG00000156639	0.00	-50	0.00	-50	0.00	-4	0.00	-49
GRCh38:chr6:38500000:T:A	ENSG00000183826	0.00	-50	0.00	-50	0.00	1	0.00	-50
GRCh38:chr6:39000000:G:T	ENSG00000124721	0.00	-50	0.00	-50	0.00	-4	0.00	-50
GRCh38:chr6:39500000:G:T	ENSG00000164627	0.00	-50	0.00	-50	0.00	2	0.00	-50
GRCh38:chr6:40500000:G:T	ENSG00000156564	0.00	-50	0.00	-50	0.00	12	0.00	-50
GRCh38:chr6:42000000:C:G	ENSG00000112576	0.00	-50	0.00	-50	0.00	1	0.00	-50
GRCh38:chr6:43000000:A:C	ENSG00000112640	0.00	-50	0.00	-50	0.00	0	0.00	-50
GRCh38:chr6:43500000:C:G	ENSG00000137221	0.00	-50	0.00	-50	0.00	0	0.00	-49
GRCh38:chr6:45000000:T:A	ENSG00000196284	0.00	-50	0.00	-50	0.00	38	0.00	-50
GRCh38:chr6:45500000:T:A	ENSG00000124813	0.00	-50	0.00	-50	0.00	-14	0.00	-50
GRCh38:chr6:46000000:T:A	ENSG00000112782	0.00	-50	0.00	-50	0.00	-10	0.00	-50
GRCh38:chr6:47000000:G:T	ENSG00000153292	0.00	-50	0.00	-50	0.00	26	0.00	-50
GRCh38:chr6:47500000:A:C	ENSG00000198087	0.00	-50	0.00	-50	0.00	16	0.00	-50
GRCh38:chr6:48000000:T:A	ENSG00000244694	0.01	-9	0.00	-50	0.01	-9	0.00	-50
GRCh38:chr6:49500000:T:A	ENSG00000203972	0.01	-14	0.00	-50	0.01	-14	0.00	-50
GRCh38:chr6:52000000:A:C	ENSG00000170927	0.07	-35	0.00	-50	0.07	-35	0.00	-50
GRCh38:chr6:52500000:G:T	ENSG00000065308	0.08	4	0.00	-50	0.08	4	0.00	-50
GRCh38:chr6:52500000:G:T	ENSG00000096093	0.00	-50	0.00	-50	0.00	-25	0.00	-50
GRCh38:chr6:53500000:A:C	ENSG00000001084	0.00	-50	0.00	-50	0.00	-1	0.00	45
GRCh38:chr6:54000000:T:A	ENSG00000146147	0.00	-50	0.00	-50	0.00	7	0.00	-50
GRCh38:chr6:55500000:T:A	ENSG00000146151	0.00	-50	0.00	-50	0.00	-10	0.00	-50
GRCh38:chr6:56500000:C:G	ENSG00000151914	0.00	-50	0.00	-50	0.00	-5	0.00	-50
GRCh38:chr6:57000000:A:C	ENSG00000151917	0.00	-50	0.00	-50	0.00	-43	0.00	-50
GRCh38:chr6:57500000:C:G	ENSG00000146143	0.00	-50	0.00	-50	0.00	1	0.00	-50
GRCh38:chr6:62000000:C:G	ENSG00000112232	0.00	-50	0.00	-50	0.00	7	0.00	-48
GRCh38:chr6:64000000:A:C	ENSG00000188107	0.00	-50	0.00	-50	0.00	-14	0.00	-49
GRCh38:chr6:64500000:G:T	ENSG00000188107	0.00	-50	0.00	-50	0.00	10	0.00	-50
GRCh38:chr6:65000000:T:A	ENSG00000188107	0.00	-50	0.00	-50	0.00	-4	0.00	-50
GRCh38:chr6:65500000:A:C	ENSG00000188107	0.00	-50	0.00	-50	0.00	3	0.00	-50
GRCh38:chr6:69000000:C:G	ENSG00000135298	0.00	-50	0.00	-50	0.00	-14	0.00	-49
GRCh38:chr6:70000000:A:C	ENSG00000082293	0.01	33	0.00	-50	0.01	33	0.00	-50
GRCh38:chr6:70500000:T:A	ENSG00000082269	0.00	-50	0.00	-50	0.00	-2	0.00	-50
GRCh38:chr6:72000000:T:A	ENSG00000079841	0.00	-50	0.00	-50	0.00	12	0.00	-50
GRCh38:chr6:73000000:T:A	ENSG00000185760	0.00	-50	0.00	-50	0.00	9	0.00	-50
GRCh38:chr6:73500000:A:C	ENSG00000135297	0.00	-50	0.00	-50	0.00	-9	0.00	-50
GRCh38:chr6:73500000:A:C	ENSG00000156508	0.00	-50	0.00	-50	0.00	1	0.00	-50
GRCh38:chr6:76000000:G:T	ENSG00000112706	0.00	-50	0.00	-50	0.00	13	0.00	-50
GRCh38:chr6:79000000:G:T	ENSG00000146247	0.00	-50	0.00	-50	0.00	-28	0.00	-50
GRCh38:chr6:79500000:T:A	ENSG00000135338	0.00	-50	0.00	-50	0.00	-12	0.00	-50
GRCh38:chr6:81500000:A:C	ENSG00000112773	0.00	-50	0.00	-50	0.00	-47	0.00	-50
GRCh38:chr6:83000000:C:G	ENSG00000118420	0.00	-50	0.00	-50	0.00	-14	0.00	-50
GRCh38:chr6:87000000:T:A	ENSG00000168830	0.00	-50	0.00	-50	0.00	-3	0.00	-50
GRCh38:chr6:87500000:G:T	ENSG00000164414	0.00	-50	0.00	-50	0.00	21	0.00	-50
GRCh38:chr6:87500000:G:T	ENSG00000213204	0.00	-50	0.00	-50	0.00	21	0.00	-50
GRCh38:chr6:89500000:G:T	ENSG00000135299	0.00	-50	0.00	-50	0.00	36	0.00	-50
GRCh38:chr6:90000000:A:C	ENSG00000112182	0.00	-50	0.00	-50	0.00	16	0.00	-49
GRCh38:chr6:97000000:C:G	ENSG00000186231	0.01	-3	0.00	-50	0.01	-3	0.00	-50
GRCh38:chr6:99500000:G:T	ENSG00000123552	0.00	-50	0.00	-50	0.00	3	0.00	-50
GRCh38:chr6:101000000:T:A	ENSG00000164418	0.00	-50	0.00	-50	0.00	5	0.00	-50
GRCh38:chr6:101500000:T:A	ENSG00000164418	0.00	-50	0.00	-50	0.00	-6	0.00	-49
GRCh38:chr6:102000000:A:C	ENSG00000164418	0.00	-50	0.00	-50	0.00	15	0.00	-50
GRCh38:chr6:105000000:C:G	ENSG00000187772	0.00	-50	0.00	-50	0.00	1	0.00	-46
GRCh38:chr6:106000000:C:G	ENSG00000057657	0.00	-50	0.00	-50	0.00	-3	0.00	-50
GRCh38:chr6:106500000:C:G	ENSG00000112297	0.00	-50	0.00	-50	0.00	1	0.00	-50
GRCh38:chr6:107500000:G:T	ENSG00000112320	0.00	-50	0.00	-50	0.00	1	0.00	-50
GRCh38:chr6:108500000:G:T	ENSG00000135537	0.00	-50	0.00	-50	0.00	0	0.00	-50
GRCh38:chr6:109000000:A:C	ENSG00000080546	0.00	-50	0.00	-50	0.00	1	0.00	-50
GRCh38:chr6:109500000:T:A	ENSG00000155085	0.00	-50	0.00	-50	0.00	-5	0.00	-50
GRCh38:chr6:111000000:G:T	ENSG00000197498	0.00	-50	0.00	-50	0.00	10	0.00	-50
GRCh38:chr6:114000000:C:G	ENSG00000196591	0.00	-50	0.00	-50	0.00	-15	0.00	-50
GRCh38:chr6:116000000:G:T	ENSG00000111816	0.00	-50	0.00	-50	0.00	2	0.00	-50
GRCh38:chr6:116500000:C:G	ENSG00000173626	0.00	-50	0.00	-50	0.00	4	0.00	-50
GRCh38:chr6:117500000:A:C	ENSG00000164465	0.00	-50	0.00	-50	0.00	20	0.00	-50
GRCh38:chr6:117500000:A:C	ENSG00000282218	0.00	-50	0.00	-50	0.00	8	0.00	-50
GRCh38:chr6:118000000:A:C	ENSG00000196376	0.01	17	0.00	-50	0.01	17	0.00	-50
GRCh38:chr6:118500000:T:A	ENSG00000111860	0.00	-50	0.00	-50	0.00	-7	0.00	-50
GRCh38:chr6:119000000:C:G	ENSG00000111879	0.00	-50	0.00	-50	0.00	1	0.00	-50
GRCh38:chr6:122500000:A:C	ENSG00000135549	0.00	-50	0.00	-50	0.00	-7	0.00	-50
GRCh38:chr6:123000000:G:T	ENSG00000146352	0.00	-50	0.00	-50	0.00	36	0.00	-50
GRCh38:chr6:123500000:C:G	ENSG00000186439	0.00	-50	0.00	-50	0.00	-25	0.00	-50
GRCh38:chr6:124000000:T:A	ENSG00000188580	0.00	-50	0.00	-50	0.00	-4	0.00	-50
GRCh38:chr6:124500000:T:A	ENSG00000188580	0.00	-50	0.00	-50	0.00	-6	0.00	-50
GRCh38:chr6:125000000:G:T	ENSG00000146373	0.00	-50	0.00	-50	0.00	10	0.00	-50
GRCh38:chr6:126000000:T:A	ENSG00000066651	0.00	-50	0.00	-50	0.00	1	0.00	-50
GRCh38:chr6:127500000:T:A	ENSG00000214338	0.00	-50	0.00	-50	0.00	-3	0.00	-50
GRCh38:chr6:127500000:T:A	ENSG00000255330	0.00	-50	0.00	-50	0.00	-3	0.00	-50
GRCh38:chr6:128000000:A:C	ENSG00000152894	0.00	-50	0.00	-50	0.00	-9	0.00	-50
GRCh38:chr6:128500000:A:C	ENSG00000152894	0.00	-50	0.00	-50	0.00	-2	0.00	-50
GRCh38:chr6:129000000:A:C	ENSG00000196569	0.00	-50	0.00	-50	0.00	2	0.00	-50
GRCh38:chr6:129500000:C:G	ENSG00000196569	0.00	-50	0.00	-50	0.00	47	0.00	-50
GRCh38:chr6:131000000:A:C	ENSG00000079819	0.00	-50	0.00	-50	0.00	-36	0.00	-50
GRCh38:chr6:131500000:T:A	ENSG00000118520	0.00	-50	0.00	-50	0.00	11	0.00	-50
GRCh38:chr6:132500000:C:G	ENSG00000079950	0.00	-50	0.00	-50	0.00	4	0.00	-50
GRCh38:chr6:133500000:A:C	ENSG00000112319	0.00	-50	0.00	-50	0.00	-4	0.00	-50
GRCh38:chr6:134000000:A:C	ENSG00000146411	0.00	-50	0.00	-50	0.00	3	0.00	-50
GRCh38:chr6:135000000:T:A	ENSG00000112339	0.00	-50	0.00	-50	0.00	-25	0.00	-50
GRCh38:chr6:136000000:T:A	ENSG00000171408	0.00	-50	0.00	-50	0.00	-19	0.00	-50
GRCh38:chr6:136500000:A:C	ENSG00000135525	0.00	-50	0.00	-50	0.00	-12	0.00	-50
GRCh38:chr6:137000000:T:A	ENSG00000016402	0.00	-50	0.00	-50	0.00	-2	0.00	-29
GRCh38:chr6:138500000:C:G	ENSG00000135540	0.00	-50	0.00	-50	0.00	-20	0.00	-50
GRCh38:chr6:143500000:T:A	ENSG00000001036	0.00	-50	0.00	-50	0.00	0	0.00	-50
GRCh38:chr6:144000000:C:G	ENSG00000118495	0.00	-50	0.00	-50	0.00	1	0.00	-49
GRCh38:chr6:144500000:T:A	ENSG00000152818	0.00	-50	0.00	-50	0.00	5	0.00	-49
GRCh38:chr6:145500000:A:C	ENSG00000112425	0.00	-50	0.00	-50	0.00	9	0.00	-50
GRCh38:chr6:148500000:A:C	ENSG00000111961	0.01	-19	0.00	-50	0.01	-19	0.00	-50
GRCh38:chr6:149000000:G:T	ENSG00000111962	0.01	-3	0.00	-50	0.01	-3	0.00	-50
GRCh38:chr6:151000000:C:G	ENSG00000120254	0.00	-50	0.00	-50	0.00	13	0.00	-50
GRCh38:chr6:151500000:T:A	ENSG00000120262	0.00	-50	0.00	-50	0.00	13	0.00	-50
GRCh38:chr6:152000000:A:C	ENSG00000091831	0.00	-50	0.00	-50	0.00	-12	0.00	-50
GRCh38:chr6:152500000:G:T	ENSG00000131018	0.00	-50	0.00	-50	0.00	-13	0.00	-50
GRCh38:chr6:153000000:A:C	ENSG00000112031	0.00	-50	0.00	-50	0.00	1	0.00	-50
GRCh38:chr6:154500000:T:A	ENSG00000153721	0.00	-50	0.00	-50	0.00	-2	0.00	-50
GRCh38:chr6:154500000:T:A	ENSG00000288520	0.00	-50	0.00	-50	0.00	-2	0.00	-50
GRCh38:chr6:155000000:A:C	ENSG00000146426	0.00	-50	0.00	-50	0.00	4	0.00	-50
GRCh38:chr6:157000000:G:T	ENSG00000049618	0.00	-50	0.00	-50	0.00	7	0.00	-49
GRCh38:chr6:157500000:A:C	ENSG00000175048	0.00	-50	0.00	-50	0.00	-1	0.00	-50
GRCh38:chr6:158000000:G:T	ENSG00000078269	0.00	-50	0.00	-50	0.00	1	0.00	-50
GRCh38:chr6:158500000:A:C	ENSG00000130338	0.00	-50	0.00	-50	0.00	6	0.00	-50
GRCh38:chr6:159000000:T:A	ENSG00000130363	0.02	-15	0.00	-50	0.02	-15	0.00	-50
GRCh38:chr6:160000000:T:A	ENSG00000197081	0.00	-50	0.00	-50	0.00	14	0.00	-50
GRCh38:chr6:161000000:A:C	ENSG00000085511	0.47	-49	0.00	-50	0.47	27	0.00	-50
GRCh38:chr6:161500000:G:T	ENSG00000185345	0.00	-50	0.00	-50	0.00	-1	0.00	-50
GRCh38:chr6:162000000:T:A	ENSG00000185345	0.02	11	0.00	-50	0.02	11	0.00	-50
GRCh38:chr6:162500000:T:A	ENSG00000185345	0.00	-50	0.00	-50	0.00	0	0.00	-50
GRCh38:chr6:163000000:T:A	ENSG00000112530	0.00	-50	0.00	-50	0.00	-1	0.00	-50
GRCh38:chr6:163500000:A:C	ENSG00000112531	0.00	-50	0.00	-50	0.00	12	0.00	-50
GRCh38:chr6:165500000:A:C	ENSG00000112541	0.00	-50	0.00	-50	0.00	-24	0.00	-50
GRCh38:chr6:166500000:A:C	ENSG00000071242	0.00	-50	0.00	-50	0.00	33	0.00	-50
GRCh38:chr6:167000000:G:T	ENSG00000213066	0.01	-21	0.00	-50	0.01	-21	0.00	-50
GRCh38:chr6:168000000:A:C	ENSG00000125337	0.00	-50	0.00	-50	0.00	10	0.00	-50
GRCh38:chr6:168500000:A:C	ENSG00000112562	0.00	-50	0.00	-50	0.00	2	0.00	-50
GRCh38:chr6:169500000:C:G	ENSG00000184465	0.00	-50	0.00	-50	0.00	3	0.00	-49
GRCh38:chr6:169500000:C:G	ENSG00000285733	0.00	-50	0.00	-50	0.00	3	0.00	-49
GRCh38:chr7:500000:T:A	ENSG00000197461	0.00	-50	0.00	-50	0.00	-12	0.00	-50
GRCh38:chr7:1000000:C:G	ENSG00000146540	0.00	-50	0.00	-50	0.00	-36	0.00	-50
GRCh38:chr7:1500000:G:T	ENSG00000164880	0.00	-50	-0.01	21	0.00	10	-0.01	21
GRCh38:chr7:2000000:A:C	ENSG00000002822	0.00	-50	0.00	-50	0.00	24	0.00	-50
GRCh38:chr7:2000000:A:C	ENSG00000286192	0.00	-50	0.00	-50	0.00	24	0.00	-50
GRCh38:chr7:3000000:T:A	ENSG00000198286	0.00	-50	0.00	-50	0.00	3	0.00	-50
GRCh38:chr7:3500000:C:G	ENSG00000146555	0.00	-50	0.00	-50	0.00	9	0.00	-50
GRCh38:chr7:4000000:A:C	ENSG00000146555	0.00	-50	0.00	-50	0.00	2	0.00	-50
GRCh38:chr7:5000000:T:A	ENSG00000272968	0.00	-50	0.00	-50	0.00	23	0.00	-50
GRCh38:chr7:5500000:G:T	ENSG00000155034	0.00	-50	0.00	-50	0.00	24	0.00	-50
GRCh38:chr7:6000000:A:C	ENSG00000122512	0.00	-50	0.00	-50	0.00	-6	0.00	-50
GRCh38:chr7:6500000:G:T	ENSG00000215045	0.00	-50	0.00	-50	0.00	-13	0.00	-50
GRCh38:chr7:7500000:A:C	ENSG00000215018	0.00	-50	0.00	-50	0.00	-12	0.00	-50
GRCh38:chr7:8000000:A:C	ENSG00000106415	0.00	-50	0.00	-50	0.00	-16	0.00	-50
GRCh38:chr7:8500000:T:A	ENSG00000122584	0.00	-50	0.00	-50	0.00	-26	0.00	-50
GRCh38:chr7:11000000:A:C	ENSG00000106443	0.02	-11	0.00	-50	0.02	-11	0.00	-50
GRCh38:chr7:11500000:C:G	ENSG00000005108	0.00	-50	0.00	-50	0.00	-1	0.00	-50
GRCh38:chr7:12500000:A:C	ENSG00000226690	0.00	-50	0.00	-50	0.00	-46	0.00	-50
GRCh38:chr7:14500000:G:T	ENSG00000136267	0.00	-50	0.00	-50	0.00	-2	0.00	-50
GRCh38:chr7:15500000:A:C	ENSG00000187546	0.00	-50	0.00	-50	0.00	-3	0.00	-50
GRCh38:chr7:16500000:G:T	ENSG00000171243	0.00	-50	0.00	-50	0.00	-1	0.00	-50
GRCh38:chr7:16500000:G:T	ENSG00000214960	0.00	-50	0.00	-50	0.00	-1	0.00	-50
GRCh38:chr7:17000000:C:G	ENSG00000106546	0.03	-1	0.00	-50	0.03	-1	0.00	-50
GRCh38:chr7:18500000:T:A	ENSG00000048052	0.00	-50	0.00	-50	0.00	0	0.00	-50
GRCh38:chr7:19000000:A:C	ENSG00000048052	0.02	-10	0.00	-50	0.02	-10	0.00	-50
GRCh38:chr7:21500000:G:T	ENSG00000105866	0.00	-50	0.00	-50	0.00	28	0.00	-50
GRCh38:chr7:22500000:G:T	ENSG00000105889	0.00	-50	0.00	-50	0.00	7	0.00	-50
GRCh38:chr7:23000000:G:T	ENSG00000122591	0.00	-50	0.00	-50	0.00	19	0.00	-50
GRCh38:chr7:28000000:G:T	ENSG00000153814	0.00	-50	0.00	-50	0.00	-18	0.00	-50
GRCh38:chr7:28500000:A:C	ENSG00000146592	0.00	-50	0.00	-50	0.00	31	0.00	-50
GRCh38:chr7:29000000:T:A	ENSG00000106066	0.00	-50	0.00	-50	0.00	-15	0.00	-50
GRCh38:chr7:29500000:C:G	ENSG00000106069	0.00	-50	0.00	-50	0.00	6	0.00	-50
GRCh38:chr7:29500000:C:G	ENSG00000285162	0.00	-50	0.00	-50	0.00	6	0.00	-50
GRCh38:chr7:30500000:T:A	ENSG00000006625	0.00	-50	0.00	-50	0.00	39	0.00	-50
GRCh38:chr7:30500000:T:A	ENSG00000281039	0.00	-50	0.00	-50	0.00	39	0.00	-50
GRCh38:chr7:32000000:A:C	ENSG00000154678	0.02	5	0.00	-50	0.02	5	0.00	-50
GRCh38:chr7:32500000:T:A	ENSG00000105778	0.00	-50	0.00	-50	0.00	2	0.00	-50
GRCh38:chr7:33000000:G:T	ENSG00000122642	0.00	-50	0.00	-50	0.00	1	0.00	-50
GRCh38:chr7:33500000:T:A	ENSG00000122507	0.00	-50	0.00	-50	0.00	-3	0.00	-50
GRCh38:chr7:34000000:T:A	ENSG00000164619	0.00	-50	0.00	-50	0.00	-10	0.00	-50
GRCh38:chr7:35000000:A:C	ENSG00000173852	0.00	-50	0.00	-50	0.00	5	0.00	-50
GRCh38:chr7:37000000:T:A	ENSG00000155849	0.00	-50	0.00	-50	0.00	3	0.00	-50
GRCh38:chr7:38000000:A:C	ENSG00000106483	0.00	-50	0.00	-50	0.00	1	0.00	-50
GRCh38:chr7:38500000:C:G	ENSG00000078053	0.00	-50	0.00	-50	0.00	1	0.00	-50
GRCh38:chr7:39000000:A:C	ENSG00000106536	0.00	-50	0.00	-50	0.00	24	0.00	-50
GRCh38:chr7:40000000:A:C	ENSG00000065883	0.00	-50	0.00	-50	0.00	12	0.00	-50
GRCh38:chr7:40500000:A:C	ENSG00000175600	0.00	-50	0.00	-50	0.00	8	0.00	-50
GRCh38:chr7:42000000:C:G	ENSG00000106571	0.01	21	0.00	-50	0.01	21	0.00	-50
GRCh38:chr7:43500000:C:G	ENSG00000002746	0.00	-50	0.00	-50	0.00	25	0.00	-50
GRCh38:chr7:44000000:G:T	ENSG00000136206	0.00	-50	0.00	-50	0.00	-31	0.00	-50
GRCh38:chr7:45000000:G:T	ENSG00000136280	0.00	-50	0.00	-50	0.00	-1	0.00	-50
GRCh38:chr7:47500000:C:G	ENSG00000136205	0.00	-50	0.00	-50	0.00	1	0.00	-50
GRCh38:chr7:48000000:G:T	ENSG00000164744	0.01	3	0.00	-50	0.01	3	0.00	-50
GRCh38:chr7:48500000:G:T	ENSG00000179869	0.00	-50	0.00	-50	0.00	15	0.00	-50
GRCh38:chr7:50000000:T:A	ENSG00000042813	0.00	-50	0.00	-50	0.00	-1	0.00	-50
GRCh38:chr7:50500000:T:A	ENSG00000132436	0.00	-50	0.00	-50	0.00	-8	0.00	-50
GRCh38:chr7:50500000:T:A	ENSG00000132437	0.00	-50	0.00	-50	0.00	-8	0.00	-50
GRCh38:chr7:55500000:T:A	ENSG00000154978	0.00	-50	0.00	-50	0.00	-8	0.00	-50
GRCh38:chr7:56000000:A:C	ENSG00000146729	0.00	-50	0.00	-50	0.00	0	0.00	-50
GRCh38:chr7:64000000:G:T	ENSG00000241149	0.00	-50	0.00	-50	0.00	1	0.00	-50
GRCh38:chr7:65000000:G:T	ENSG00000152926	0.00	-50	0.00	-50	0.00	-1	0.00	-50
GRCh38:chr7:65000000:G:T	ENSG00000213462	0.00	-50	0.00	-50	0.00	-1	0.00	-50
GRCh38:chr7:67000000:A:C	ENSG00000198874	0.00	-50	0.00	-50	0.00	3	0.00	-50
GRCh38:chr7:70000000:T:A	ENSG00000158321	0.00	-50	0.00	-50	0.00	-28	0.00	-50
GRCh38:chr7:70500000:C:G	ENSG00000158321	0.01	37	0.00	-50	0.01	37	0.00	-50
GRCh38:chr7:71500000:T:A	ENSG00000185274	0.06	-38	0.00	-50	0.06	18	0.00	-50
GRCh38:chr7:72000000:A:C	ENSG00000183166	0.01	-13	0.00	-50	0.01	-13	0.00	-50
GRCh38:chr7:73500000:A:C	ENSG00000009954	0.00	-50	0.00	-50	0.00	-20	0.00	-50
GRCh38:chr7:74500000:G:T	ENSG00000006704	0.00	-50	0.00	-50	0.00	-2	0.00	-50
GRCh38:chr7:75000000:G:T	ENSG00000274070	0.00	-50	0.00	-50	0.00	2	0.00	-50
GRCh38:chr7:75500000:G:T	ENSG00000170092	0.00	-50	0.00	-50	0.00	20	0.00	-50
GRCh38:chr7:76000000:G:T	ENSG00000127952	0.00	-50	0.00	-50	0.00	-4	0.00	-50
GRCh38:chr7:76500000:T:A	ENSG00000091073	0.03	21	0.00	-50	0.03	21	0.00	-50
GRCh38:chr7:78500000:T:A	ENSG00000187391	0.00	-50	0.00	-50	0.00	4	0.00	-50
GRCh38:chr7:79000000:T:A	ENSG00000187391	0.00	-50	0.00	-50	0.00	-11	0.00	-50
GRCh38:chr7:80000000:C:G	ENSG00000127955	0.02	-45	0.00	-50	0.02	-45	0.00	-50
GRCh38:chr7:80500000:T:A	ENSG00000135218	0.00	-50	0.00	-50	0.00	1	0.00	-50
GRCh38:chr7:80500000:T:A	ENSG00000214415	0.00	-50	0.00	-50	0.00	-4	0.00	-50
GRCh38:chr7:82000000:C:G	ENSG00000153956	0.00	-50	0.00	-50	0.00	1	0.00	-50
GRCh38:chr7:83000000:A:C	ENSG00000186472	0.00	-50	0.00	-50	0.00	3	0.00	-49
GRCh38:chr7:83500000:C:G	ENSG00000170381	0.00	-50	0.00	-50	0.00	7	0.00	-50
GRCh38:chr7:84000000:T:A	ENSG00000075213	0.00	-50	0.00	-50	0.00	5	0.00	-50
GRCh38:chr7:85000000:T:A	ENSG00000153993	0.00	-50	0.00	-50	0.00	-2	0.00	-50
GRCh38:chr7:87000000:A:C	ENSG00000164659	0.00	-50	0.00	-50	0.00	-18	0.00	-49
GRCh38:chr7:88000000:A:C	ENSG00000008277	0.00	-50	0.00	-50	0.00	1	0.00	-49
GRCh38:chr7:89000000:T:A	ENSG00000182348	0.00	-50	0.00	-50	0.00	2	0.00	-49
GRCh38:chr7:90500000:G:T	ENSG00000058091	0.00	-50	0.00	-50	0.00	1	0.00	-50
GRCh38:chr7:90500000:G:T	ENSG00000157224	0.00	-50	0.00	-50	0.00	1	0.00	-50
GRCh38:chr7:90500000:G:T	ENSG00000251154	0.00	-50	0.00	-50	0.00	1	0.00	-50
GRCh38:chr7:91000000:A:C	ENSG00000058091	0.00	-50	0.00	-50	0.00	5	0.00	-50
GRCh38:chr7:92000000:A:C	ENSG00000127914	0.00	-50	0.00	-50	0.00	24	0.00	-50
GRCh38:chr7:92500000:A:C	ENSG00000127980	0.00	-50	0.00	-50	0.00	4	0.00	-50
GRCh38:chr7:93500000:T:A	ENSG00000004948	0.00	-50	0.00	-50	0.00	3	0.00	-50
GRCh38:chr7:94000000:T:A	ENSG00000105829	0.00	-50	0.00	-50	0.00	-3	0.00	-50
GRCh38:chr7:95000000:A:C	ENSG00000158528	0.00	-50	0.00	-50	0.00	-5	0.00	-50
GRCh38:chr7:95500000:A:C	ENSG00000005981	0.00	-50	0.00	-50	0.00	0	0.00	-50
GRCh38:chr7:96000000:T:A	ENSG00000158560	0.00	-50	0.00	-50	0.00	0	0.00	-50
GRCh38:chr7:96500000:G:T	ENSG00000127922	0.00	-50	0.00	-50	0.00	1	0.00	-50
GRCh38:chr7:99000000:T:A	ENSG00000196367	0.00	-50	0.00	-50	0.00	-4	0.00	-50
GRCh38:chr7:99500000:G:T	ENSG00000160908	0.00	-50	0.00	-50	0.00	-1	0.00	-50
GRCh38:chr7:99500000:G:T	ENSG00000198556	0.00	-50	0.00	-50	0.00	-11	0.00	-50
GRCh38:chr7:101000000:C:G	ENSG00000205277	0.00	-50	0.00	-50	0.00	0	0.00	-50
GRCh38:chr7:101500000:T:A	ENSG00000160963	0.00	-50	0.00	-50	0.00	2	0.00	-48
GRCh38:chr7:102000000:T:A	ENSG00000257923	0.00	-50	0.00	-50	0.00	10	0.00	-50
GRCh38:chr7:102500000:C:G	ENSG00000170667	0.00	-50	0.00	-50	0.00	-1	0.00	-50
GRCh38:chr7:103000000:T:A	ENSG00000161040	0.00	-50	0.00	-50	0.00	-6	0.00	-50
GRCh38:chr7:103500000:A:C	ENSG00000189056	0.00	-50	0.00	-50	0.00	-4	0.00	-50
GRCh38:chr7:104500000:T:A	ENSG00000187416	0.01	-31	0.00	-50	0.01	-31	0.00	-50
GRCh38:chr7:105500000:T:A	ENSG00000091127	0.00	-50	0.00	-50	0.00	-2	0.00	-50
GRCh38:chr7:106000000:A:C	ENSG00000128536	0.00	-50	0.00	-50	0.00	20	0.00	-50
GRCh38:chr7:107500000:G:T	ENSG00000164597	0.00	-50	0.00	-50	0.00	-21	0.00	-50
GRCh38:chr7:108000000:C:G	ENSG00000091136	0.00	-50	0.00	-50	0.00	6	0.00	-50
GRCh38:chr7:108500000:C:G	ENSG00000135241	0.00	-50	0.00	-50	0.00	-22	0.00	-50
GRCh38:chr7:111000000:A:C	ENSG00000184903	0.00	-50	0.00	-50	0.00	-20	0.00	-50
GRCh38:chr7:111500000:G:T	ENSG00000184903	0.01	50	0.00	-50	0.01	50	0.00	-50
GRCh38:chr7:112000000:C:G	ENSG00000128512	0.00	-50	0.00	-50	0.00	41	0.00	-50
GRCh38:chr7:114000000:A:C	ENSG00000154415	0.00	-50	0.00	-50	0.00	-12	0.00	-50
GRCh38:chr7:114500000:G:T	ENSG00000128573	0.00	-50	0.00	-50	0.00	0	0.00	-50
GRCh38:chr7:115000000:T:A	ENSG00000135272	0.00	-50	0.00	-50	0.00	-11	0.00	-50
GRCh38:chr7:116000000:G:T	ENSG00000105967	0.00	-50	0.00	-50	0.00	-8	0.00	-47
GRCh38:chr7:116500000:C:G	ENSG00000105971	0.00	-50	0.00	-50	0.00	41	0.00	-50
GRCh38:chr7:117000000:A:C	ENSG00000004866	0.00	-50	0.00	-50	0.00	-2	0.00	-50
GRCh38:chr7:117000000:A:C	ENSG00000288635	0.00	-50	0.00	-50	0.00	-2	0.00	-50
GRCh38:chr7:117500000:C:G	ENSG00000001626	0.00	-50	0.00	-50	0.00	11	0.00	-50
GRCh38:chr7:120500000:G:T	ENSG00000184408	0.00	-50	0.00	-50	0.00	0	0.00	-50
GRCh38:chr7:121000000:G:T	ENSG00000106034	0.00	-50	0.00	-50	0.00	44	0.00	-49
GRCh38:chr7:122000000:G:T	ENSG00000106278	0.00	-50	0.00	-50	0.00	0	0.00	-50
GRCh38:chr7:122500000:A:C	ENSG00000081803	0.02	0	0.00	-50	0.02	0	0.00	-50
GRCh38:chr7:123500000:C:G	ENSG00000164675	0.00	-50	0.00	-50	0.00	-10	0.00	-50
GRCh38:chr7:126500000:A:C	ENSG00000179603	0.00	-50	0.00	-50	0.00	-41	0.00	-50
GRCh38:chr7:127000000:C:G	ENSG00000179603	0.00	-50	0.00	-50	0.00	10	0.00	-50
GRCh38:chr7:128000000:G:T	ENSG00000197157	0.00	-50	0.00	-50	0.00	14	0.00	-50
GRCh38:chr7:128500000:T:A	ENSG00000165055	0.00	-50	0.00	-50	0.00	-3	0.00	-50
GRCh38:chr7:129000000:T:A	ENSG00000064419	0.00	-50	0.00	-50	0.00	5	0.00	-50
GRCh38:chr7:130500000:G:T	ENSG00000106484	0.00	-50	0.00	-50	0.00	19	0.00	-50
GRCh38:chr7:132500000:C:G	ENSG00000221866	0.00	-50	0.00	-50	0.00	0	0.00	-50
GRCh38:chr7:133000000:T:A	ENSG00000106554	0.00	-50	0.00	-50	0.00	0	0.00	-50
GRCh38:chr7:133500000:A:C	ENSG00000131558	0.00	-50	0.00	-50	0.00	0	0.00	-50
GRCh38:chr7:134000000:T:A	ENSG00000131558	0.00	-50	0.00	-50	0.00	6	0.00	-50
GRCh38:chr7:135000000:C:G	ENSG00000146856	0.00	-50	0.00	-50	0.00	6	0.00	-50
GRCh38:chr7:135500000:G:T	ENSG00000080802	0.00	-50	0.00	-50	0.00	3	0.00	-50
GRCh38:chr7:137000000:C:G	ENSG00000181072	0.00	-50	0.00	-50	0.00	-39	0.00	-50
GRCh38:chr7:137500000:G:T	ENSG00000157680	0.00	-50	0.00	-50	0.00	1	0.00	-50
GRCh38:chr7:138000000:T:A	ENSG00000182158	0.00	-50	0.00	-50	0.00	46	0.00	-50
GRCh38:chr7:138500000:G:T	ENSG00000122779	0.00	-50	0.00	-50	0.00	-8	0.00	-50
GRCh38:chr7:140000000:A:C	ENSG00000059377	0.01	-15	0.00	-50	0.01	-15	0.00	-50
GRCh38:chr7:142000000:C:G	ENSG00000257335	0.00	-50	0.00	-50	0.00	23	0.00	-50
GRCh38:chr7:144500000:T:A	ENSG00000196511	0.00	-50	0.00	-50	0.00	-2	0.00	-50
GRCh38:chr7:146500000:T:A	ENSG00000174469	0.00	-50	0.00	-50	0.00	2	0.00	-50
GRCh38:chr7:147000000:T:A	ENSG00000174469	0.00	-50	0.00	-50	0.00	-4	0.00	-50
GRCh38:chr7:147500000:C:G	ENSG00000174469	0.00	-50	0.00	-50	0.00	-9	0.00	-50
GRCh38:chr7:148000000:A:C	ENSG00000174469	0.00	-50	0.00	-50	0.00	-31	0.00	-50
GRCh38:chr7:151000000:T:A	ENSG00000164867	0.01	-4	0.00	-50	0.01	-4	0.00	-50
GRCh38:chr7:151500000:C:G	ENSG00000106615	0.00	-50	0.00	-50	0.00	1	0.00	-50
GRCh38:chr7:152000000:C:G	ENSG00000106648	0.00	-50	0.00	-50	0.00	8	0.00	-50
GRCh38:chr7:154000000:C:G	ENSG00000130226	0.00	-50	0.00	-50	0.00	6	0.00	-50
GRCh38:chr7:154500000:T:A	ENSG00000130226	0.00	-50	0.00	-50	0.00	-2	0.00	-48
GRCh38:chr7:155000000:A:C	ENSG00000157212	0.00	-50	0.00	-50	0.00	0	0.00	-50
GRCh38:chr7:155500000:A:C	ENSG00000146910	0.00	-50	0.00	-50	0.00	4	0.00	-50
GRCh38:chr7:157000000:C:G	ENSG00000130675	0.00	-50	0.00	-50	0.00	6	0.00	-50
GRCh38:chr7:158000000:C:G	ENSG00000155093	0.00	-50	0.00	-50	0.00	-6	0.00	-49
GRCh38:chr7:158500000:T:A	ENSG00000155093	0.00	-50	0.00	-50	0.00	31	0.00	-50
GRCh38:chr8:500000:T:A	ENSG00000180190	0.03	-3	0.00	-50	0.03	-3	0.00	-50
GRCh38:chr8:1000000:T:A	ENSG00000198010	0.00	-50	0.00	-50	0.00	-2	0.00	-49
GRCh38:chr8:1500000:A:C	ENSG00000198010	0.00	-50	0.00	-50	0.00	1	0.00	-50
GRCh38:chr8:2000000:G:T	ENSG00000176595	0.01	-29	0.00	-50	0.01	-29	0.00	-49
GRCh38:chr8:3000000:G:T	ENSG00000183117	0.00	-50	-0.01	-42	0.00	-35	-0.01	-42
GRCh38:chr8:3500000:T:A	ENSG00000183117	0.00	-50	0.00	-50	0.00	-2	0.00	-50
GRCh38:chr8:4000000:T:A	ENSG00000183117	0.00	-50	0.00	-50	0.00	-3	0.00	-49
GRCh38:chr8:4500000:A:C	ENSG00000183117	0.00	-50	0.00	-50	0.00	-1	0.00	-50
GRCh38:chr8:6500000:G:T	ENSG00000091879	0.10	-32	0.00	-50	0.10	-32	0.00	-50
GRCh38:chr8:6500000:G:T	ENSG00000147316	0.02	-2	0.00	-50	0.02	-2	0.00	-50
GRCh38:chr8:7500000:T:A	ENSG00000198129	0.00	-50	0.00	-50	0.00	-33	0.00	-49
GRCh38:chr8:10500000:T:A	ENSG00000253649	0.00	-50	0.00	-50	0.00	27	0.00	-50
GRCh38:chr8:11000000:T:A	ENSG00000171044	0.00	-50	0.00	-50	0.00	13	0.00	-49
GRCh38:chr8:11500000:G:T	ENSG00000136573	0.00	-50	0.00	-50	0.00	-1	0.00	-50
GRCh38:chr8:13000000:C:G	ENSG00000250305	0.00	-50	0.00	-50	0.00	12	0.00	-50
GRCh38:chr8:13500000:A:C	ENSG00000164741	0.00	-50	0.00	-50	0.00	-3	0.00	-50
GRCh38:chr8:14500000:A:C	ENSG00000185053	0.00	-50	0.00	-50	0.00	-18	0.00	-50
GRCh38:chr8:15000000:A:C	ENSG00000185053	0.00	-50	0.00	-50	0.00	-5	0.00	-50
GRCh38:chr8:15500000:C:G	ENSG00000104723	0.00	-50	0.00	-50	0.00	47	0.00	-50
GRCh38:chr8:16500000:T:A	ENSG00000038945	0.00	-50	0.00	-50	0.00	9	0.00	-50
GRCh38:chr8:17000000:G:T	ENSG00000078579	0.00	-50	0.00	-50	0.00	-8	0.00	-50
GRCh38:chr8:17500000:G:T	ENSG00000003989	0.00	-50	0.00	-50	0.00	-1	0.00	-50
GRCh38:chr8:18000000:A:C	ENSG00000078674	0.00	-50	0.00	-50	0.00	0	0.00	-50
GRCh38:chr8:19000000:T:A	ENSG00000156011	0.00	-50	0.00	-50	0.00	3	0.00	-50
GRCh38:chr8:19500000:A:C	ENSG00000147408	0.00	-50	0.00	-50	0.00	-3	0.00	-50
GRCh38:chr8:22000000:A:C	ENSG00000130227	0.01	5	0.00	-50	0.01	5	0.00	-50
GRCh38:chr8:22500000:T:A	ENSG00000120910	0.00	-50	0.00	-50	0.00	4	0.00	-50
GRCh38:chr8:23000000:C:G	ENSG00000008853	0.00	-50	0.00	-50	0.00	9	0.00	-49
GRCh38:chr8:24500000:T:A	ENSG00000069206	0.00	-50	0.00	-50	0.00	12	0.00	-50
GRCh38:chr8:25500000:A:C	ENSG00000184661	0.03	12	0.00	-50	0.03	12	0.00	-50
GRCh38:chr8:26000000:C:G	ENSG00000221818	0.00	-50	0.00	-50	0.00	0	0.00	-50
GRCh38:chr8:26500000:G:T	ENSG00000104765	0.00	-50	0.00	-50	0.00	5	0.00	-49
GRCh38:chr8:27500000:G:T	ENSG00000120915	0.00	-50	0.00	-50	0.00	2	0.00	-49
GRCh38:chr8:28500000:A:C	ENSG00000104290	0.02	-6	-0.01	-22	0.02	-6	-0.01	-22
GRCh38:chr8:29000000:A:C	ENSG00000147421	0.00	-50	0.00	-50	0.00	0	0.00	-50
GRCh38:chr8:30500000:T:A	ENSG00000157110	0.00	-50	0.00	-50	0.00	17	0.00	-50
GRCh38:chr8:31000000:A:C	ENSG00000172733	0.00	-50	0.00	-50	0.00	-24	0.00	-50
GRCh38:chr8:32000000:T:A	ENSG00000157168	0.00	-50	0.00	-50	0.00	-33	0.00	-50
GRCh38:chr8:32500000:A:C	ENSG00000157168	0.00	-50	0.00	-50	0.00	-7	0.00	-50
GRCh38:chr8:33500000:T:A	ENSG00000129696	0.00	-50	0.00	-50	0.00	-13	0.00	-50
GRCh38:chr8:33500000:T:A	ENSG00000198042	0.00	-50	0.00	-50	0.00	17	0.00	-50
GRCh38:chr8:35500000:A:C	ENSG00000156687	0.00	-50	0.00	-50	0.00	22	0.00	-50
GRCh38:chr8:39000000:T:A	ENSG00000168615	0.00	-50	0.00	-50	0.00	-2	0.00	-50
GRCh38:chr8:40000000:G:T	ENSG00000188676	0.00	-50	0.00	-50	0.00	15	0.00	-50
GRCh38:chr8:41500000:T:A	ENSG00000147533	0.00	-50	0.00	-50	0.00	25	0.00	-50
GRCh38:chr8:42000000:G:T	ENSG00000083168	0.00	-50	0.00	-50	0.00	3	0.00	-49
GRCh38:chr8:42500000:C:G	ENSG00000168575	0.00	-50	0.00	-50	0.00	1	0.00	-49
GRCh38:chr8:43000000:T:A	ENSG00000168172	0.00	-50	0.00	-50	0.00	4	0.00	-50
GRCh38:chr8:47500000:C:G	ENSG00000164808	0.00	-50	0.00	-50	0.00	17	0.00	-50
GRCh38:chr8:50000000:T:A	ENSG00000147481	0.01	-4	0.00	-50	0.01	-4	0.00	-50
GRCh38:chr8:50500000:T:A	ENSG00000147481	0.00	-50	0.00	-50	0.00	22	0.00	-50
GRCh38:chr8:51500000:A:C	ENSG00000147485	0.00	-50	0.00	-50	0.00	-1	0.00	-50
GRCh38:chr8:54000000:A:C	ENSG00000187735	0.00	-50	0.00	-50	0.00	-50	0.00	50
GRCh38:chr8:55500000:C:G	ENSG00000206579	0.05	38	0.00	-50	0.05	38	0.00	-50
GRCh38:chr8:56000000:T:A	ENSG00000254087	0.00	-50	0.00	-50	0.00	5	0.00	-48
GRCh38:chr8:58000000:T:A	ENSG00000169122	0.00	-50	0.00	-50	0.00	-8	0.00	-50
GRCh38:chr8:58500000:A:C	ENSG00000167910	0.00	-50	-0.01	19	0.00	1	-0.01	19
GRCh38:chr8:59000000:G:T	ENSG00000198846	0.00	-50	0.00	-50	0.00	-7	0.00	-50
GRCh38:chr8:61500000:A:C	ENSG00000177182	0.00	-50	0.00	-50	0.00	16	0.00	-50
GRCh38:chr8:62500000:C:G	ENSG00000185942	0.00	-50	0.00	-50	0.00	-22	0.00	-50
GRCh38:chr8:63000000:T:A	ENSG00000185942	0.00	-50	0.00	-50	0.00	-2	0.00	-50
GRCh38:chr8:66500000:T:A	ENSG00000169085	0.00	-50	0.00	-50	0.00	-20	0.00	-50
GRCh38:chr8:66500000:T:A	ENSG00000285791	0.00	-50	0.00	-50	0.00	-20	0.00	-50
GRCh38:chr8:67000000:T:A	ENSG00000178125	0.01	-6	0.00	-50	0.01	-6	0.00	-50
GRCh38:chr8:67500000:G:T	ENSG00000165078	0.00	-50	0.00	-50	0.00	0	0.00	-50
GRCh38:chr8:68000000:G:T	ENSG00000046889	0.01	1	0.00	-50	0.01	1	0.00	-50
GRCh38:chr8:68500000:C:G	ENSG00000165084	0.00	-50	0.00	-50	0.00	-41	0.00	-50
GRCh38:chr8:69500000:T:A	ENSG00000137573	0.00	-50	0.00	-50	0.00	6	0.00	-50
GRCh38:chr8:71500000:C:G	ENSG00000104313	0.00	-50	0.00	-50	0.00	11	0.00	-50
GRCh38:chr8:73500000:T:A	ENSG00000040341	0.00	-50	0.00	-50	0.00	-2	0.00	-50
GRCh38:chr8:74000000:C:G	ENSG00000154589	0.00	-50	0.00	-50	0.00	-49	0.00	-50
GRCh38:chr8:74500000:C:G	ENSG00000104381	0.00	-50	0.00	-50	0.00	5	0.00	-49
GRCh38:chr8:75000000:G:T	ENSG00000121005	0.00	-50	0.00	-50	0.00	-19	0.00	-50
GRCh38:chr8:75500000:A:C	ENSG00000164749	0.00	-50	0.00	-50	0.00	4	0.00	-50
GRCh38:chr8:77000000:T:A	ENSG00000164751	0.00	-50	0.00	-50	0.00	-2	0.00	-10
GRCh38:chr8:80000000:T:A	ENSG00000147586	0.00	-50	0.00	-50	0.00	-41	0.00	-50
GRCh38:chr8:80000000:T:A	ENSG00000276418	0.00	-50	0.00	-50	0.00	-41	0.00	-50
GRCh38:chr8:80500000:A:C	ENSG00000205189	0.00	-50	0.00	-50	0.00	32	0.00	-50
GRCh38:chr8:81000000:C:G	ENSG00000076641	0.00	-50	0.00	-50	0.00	3	0.00	-48
GRCh38:chr8:84500000:T:A	ENSG00000184672	0.00	-50	0.00	-50	0.00	-1	0.00	-50
GRCh38:chr8:86000000:C:G	ENSG00000147614	0.00	-50	0.00	-50	0.00	-19	0.00	-50
GRCh38:chr8:86500000:A:C	ENSG00000176623	0.00	-50	0.00	-50	0.00	-8	0.00	-49
GRCh38:chr8:87000000:A:C	ENSG00000176571	0.00	-50	0.00	-50	0.00	24	0.00	-50
GRCh38:chr8:87500000:G:T	ENSG00000176571	0.00	-50	0.00	-50	0.00	30	0.00	-50
GRCh38:chr8:90000000:A:C	ENSG00000104320	0.00	-50	0.00	-50	0.00	-2	0.00	-50
GRCh38:chr8:91000000:A:C	ENSG00000155099	0.00	-50	0.00	-50	0.00	3	0.00	-50
GRCh38:chr8:92000000:T:A	ENSG00000079102	0.00	-50	0.00	-50	0.00	15	0.00	-50
GRCh38:chr8:93000000:A:C	ENSG00000205133	0.01	-46	0.00	-50	0.01	-46	0.00	-49
GRCh38:chr8:94500000:C:G	ENSG00000164944	0.00	-50	0.00	-50	0.00	24	0.00	-50
GRCh38:chr8:95000000:A:C	ENSG00000156170	0.00	-50	0.00	-50	0.00	28	0.00	-50
GRCh38:chr8:96500000:T:A	ENSG00000169439	0.00	-50	0.00	-50	0.00	1	0.00	-50
GRCh38:chr8:97000000:T:A	ENSG00000104324	0.00	-50	0.00	-50	0.00	14	0.00	-50
GRCh38:chr8:98000000:C:G	ENSG00000132561	0.00	-50	0.00	-50	0.00	9	0.00	-50
GRCh38:chr8:98500000:G:T	ENSG00000104375	0.00	-50	0.00	-50	0.00	-29	0.00	-50
GRCh38:chr8:99500000:G:T	ENSG00000132549	0.00	-50	0.00	-50	0.00	-12	0.00	-50
GRCh38:chr8:100000000:C:G	ENSG00000132554	0.28	1	0.00	-50	0.28	1	0.00	-50
GRCh38:chr8:101500000:C:G	ENSG00000083307	0.00	-50	0.00	-50	0.00	3	0.00	-50
GRCh38:chr8:102000000:C:G	ENSG00000104490	0.00	-50	0.00	-50	0.00	-19	0.00	-50
GRCh38:chr8:103500000:A:C	ENSG00000285982	0.00	-50	0.00	-50	0.00	-5	0.00	-50
GRCh38:chr8:104000000:A:C	ENSG00000176406	0.00	-50	0.00	-50	0.00	1	0.00	-50
GRCh38:chr8:104500000:A:C	ENSG00000147650	0.06	10	0.00	-50	0.06	10	0.00	-50
GRCh38:chr8:105000000:T:A	ENSG00000169946	0.00	-50	0.00	-50	0.00	2	0.00	-50
GRCh38:chr8:105500000:G:T	ENSG00000169946	0.00	-50	0.00	-50	0.00	22	0.00	-50
GRCh38:chr8:106500000:A:C	ENSG00000164830	0.09	3	0.00	-50	0.09	3	0.00	-50
GRCh38:chr8:108000000:A:C	ENSG00000147655	0.00	-50	0.00	-50	0.00	0	0.00	-50
GRCh38:chr8:109500000:A:C	ENSG00000205038	0.00	-50	0.00	-50	0.00	-1	0.00	-50
GRCh38:chr8:112500000:T:A	ENSG00000164796	0.00	-50	0.00	-50	0.00	-8	0.00	-50
GRCh38:chr8:113000000:A:C	ENSG00000164796	0.01	-37	0.00	-50	0.01	-37	0.00	-50
GRCh38:chr8:115500000:T:A	ENSG00000104447	0.00	-50	0.00	-50	0.00	-2	0.00	-50
GRCh38:chr8:117000000:T:A	ENSG00000164756	0.00	-50	0.00	-50	0.00	0	0.00	-49
GRCh38:chr8:118000000:T:A	ENSG00000182197	0.00	-50	0.00	-50	0.00	-2	0.00	-50
GRCh38:chr8:118500000:T:A	ENSG00000177570	0.00	-50	0.00	-50	0.00	-2	0.00	-50
GRCh38:chr8:119000000:G:T	ENSG00000184374	0.00	-50	0.00	-50	0.00	-5	0.00	-50
GRCh38:chr8:120000000:G:T	ENSG00000155792	0.00	-50	0.00	-50	0.00	-1	0.00	-50
GRCh38:chr8:120500000:A:C	ENSG00000172167	0.00	-50	0.00	-50	0.00	-33	0.00	-50
GRCh38:chr8:123500000:T:A	ENSG00000156804	0.00	-50	0.00	-50	0.00	16	0.00	-50
GRCh38:chr8:124000000:T:A	ENSG00000214814	0.00	-50	0.00	-50	0.00	8	0.00	-50
GRCh38:chr8:124500000:A:C	ENSG00000147687	0.00	-50	0.00	-50	0.00	-5	0.00	-50
GRCh38:chr8:125000000:A:C	ENSG00000104549	0.00	-50	0.00	-50	0.00	26	0.00	-50
GRCh38:chr8:130000000:C:G	ENSG00000153310	0.13	44	0.00	-50	0.13	44	0.00	-50
GRCh38:chr8:131000000:A:C	ENSG00000155897	0.00	-50	0.00	-50	0.00	-30	0.00	-50
GRCh38:chr8:132000000:C:G	ENSG00000132294	0.00	-50	0.00	-50	0.00	33	0.00	-50
GRCh38:chr8:133000000:A:C	ENSG00000042832	0.00	-50	0.00	-50	0.00	2	0.00	-50
GRCh38:chr8:133500000:A:C	ENSG00000008513	0.00	-50	0.00	-50	0.00	7	0.00	-50
GRCh38:chr8:134500000:A:C	ENSG00000066827	0.00	-50	0.00	-50	0.00	-19	0.00	-50
GRCh38:chr8:135500000:T:A	ENSG00000131773	0.00	-50	0.00	-50	0.00	-2	0.00	-50
GRCh38:chr8:140000000:A:C	ENSG00000167632	0.00	-50	0.00	-50	0.00	-9	0.00	-50
GRCh38:chr8:141000000:T:A	ENSG00000169398	0.00	-50	0.00	-50	0.00	41	0.00	-50
GRCh38:chr8:142500000:G:T	ENSG00000181790	0.00	-50	0.00	-50	0.00	0	0.00	-50
GRCh38:chr8:143500000:T:A	ENSG00000014164	0.00	-50	0.00	-50	0.00	-10	0.00	-50
GRCh38:chr8:144000000:T:A	ENSG00000178685	0.00	-50	0.00	-50	0.00	-17	0.00	-50
GRCh38:chr8:144500000:C:G	ENSG00000160972	0.01	-30	0.00	-50	0.01	-30	0.00	-49
GRCh38:chr9:500000:T:A	ENSG00000107104	0.00	-50	0.00	-50	0.00	-10	0.00	-49
GRCh38:chr9:2000000:G:T	ENSG00000080503	0.00	-50	0.00	-50	0.00	1	0.00	-50
GRCh38:chr9:3500000:T:A	ENSG00000080298	0.00	-50	0.00	-50	0.00	33	0.00	-50
GRCh38:chr9:4000000:T:A	ENSG00000107249	0.00	-50	0.00	-50	0.00	3	0.00	-50
GRCh38:chr9:4500000:T:A	ENSG00000106688	0.00	-50	0.00	-50	0.00	-2	0.00	-50
GRCh38:chr9:5000000:A:C	ENSG00000096968	0.00	-50	0.00	-50	0.00	-1	0.00	-50
GRCh38:chr9:6000000:A:C	ENSG00000183354	0.00	-50	0.00	-50	0.00	-5	0.00	-50
GRCh38:chr9:6500000:C:G	ENSG00000147854	0.00	-50	0.00	-50	0.00	42	0.00	-50
GRCh38:chr9:7000000:G:T	ENSG00000107077	0.00	-50	0.00	-50	0.00	41	0.00	-50
GRCh38:chr9:8500000:T:A	ENSG00000153707	0.00	-50	0.00	-50	0.00	7	0.00	-50
GRCh38:chr9:9000000:T:A	ENSG00000153707	0.07	2	0.00	-50	0.07	2	0.00	-50
GRCh38:chr9:9500000:C:G	ENSG00000153707	0.00	-50	0.00	-50	0.00	40	0.00	-50
GRCh38:chr9:10000000:A:C	ENSG00000153707	0.00	-50	0.00	-50	0.00	0	0.00	-50
GRCh38:chr9:10500000:C:G	ENSG00000153707	0.00	-50	0.00	-50	0.00	1	0.00	-50
GRCh38:chr9:15500000:A:C	ENSG00000164985	0.00	-50	0.00	-50	0.00	-10	0.00	-50
GRCh38:chr9:16000000:C:G	ENSG00000164989	0.00	-50	0.00	-50	0.00	-1	0.00	-49
GRCh38:chr9:16500000:T:A	ENSG00000173068	0.00	-50	0.00	-50	0.00	-15	0.00	-50
GRCh38:chr9:17500000:C:G	ENSG00000044459	0.00	-50	0.00	-50	0.00	5	0.00	-50
GRCh38:chr9:18000000:A:C	ENSG00000178031	0.00	-50	0.00	-50	0.00	3	0.00	-50
GRCh38:chr9:18500000:G:T	ENSG00000178031	0.00	-50	0.00	-50	0.00	-1	0.00	-50
GRCh38:chr9:19000000:C:G	ENSG00000155875	0.00	-50	0.00	-50	0.00	-2	0.00	-50
GRCh38:chr9:20500000:T:A	ENSG00000171843	0.01	-2	0.00	-50	0.01	-2	0.00	-50
GRCh38:chr9:21000000:A:C	ENSG00000188921	0.00	-50	0.00	-50	0.00	-17	0.00	-50
GRCh38:chr9:22000000:A:C	ENSG00000264545	0.00	-50	0.00	-50	0.00	14	0.00	-50
GRCh38:chr9:27000000:G:T	ENSG00000096872	0.00	-50	0.00	-50	0.00	0	0.00	-50
GRCh38:chr9:27000000:G:T	ENSG00000184434	0.00	-50	0.00	-50	0.00	4	0.00	-50
GRCh38:chr9:27500000:T:A	ENSG00000120162	0.00	-50	0.00	-50	0.00	30	0.00	-50
GRCh38:chr9:28000000:A:C	ENSG00000174482	0.00	-50	0.00	-50	0.00	2	0.00	-50
GRCh38:chr9:28500000:G:T	ENSG00000174482	0.00	-50	0.00	-50	0.00	-15	0.00	-50
GRCh38:chr9:32500000:T:A	ENSG00000107201	0.00	-50	0.00	-50	0.00	-39	0.00	-50
GRCh38:chr9:32500000:T:A	ENSG00000288684	0.00	-50	0.00	-50	0.00	-39	0.00	-50
GRCh38:chr9:33000000:T:A	ENSG00000137074	0.00	-50	0.00	-50	0.00	6	0.00	-50
GRCh38:chr9:34000000:T:A	ENSG00000137073	0.00	-50	0.00	-50	0.00	-2	0.00	-50
GRCh38:chr9:34500000:A:C	ENSG00000122735	0.01	-36	0.00	-50	0.01	-36	0.00	-50
GRCh38:chr9:35500000:G:T	ENSG00000198853	0.00	-50	0.00	-50	0.00	1	0.00	-50
GRCh38:chr9:37000000:C:G	ENSG00000196092	0.03	-19	0.00	-50	0.03	-19	0.00	-47
GRCh38:chr9:37500000:G:T	ENSG00000137054	0.00	-50	0.00	-50	0.00	-4	0.00	-49
GRCh38:chr9:38000000:T:A	ENSG00000107338	0.10	34	0.00	-50	0.10	34	0.00	-50
GRCh38:chr9:38000000:T:A	ENSG00000255872	0.10	34	0.00	-50	0.10	34	0.00	-50
GRCh38:chr9:42000000:G:T	ENSG00000154529	0.00	-50	0.00	-50	0.00	1	0.00	-50
GRCh38:chr9:68500000:T:A	ENSG00000154330	0.00	-50	0.00	-50	0.00	11	0.00	-50
GRCh38:chr9:69000000:T:A	ENSG00000107242	0.00	-50	0.00	-50	0.00	6	0.00	-50
GRCh38:chr9:69500000:A:C	ENSG00000107282	0.00	-50	0.00	-50	0.00	-10	0.00	-50
GRCh38:chr9:71000000:C:G	ENSG00000083067	0.00	-50	0.00	-50	0.00	-3	0.00	-50
GRCh38:chr9:73000000:A:C	ENSG00000165092	0.01	-27	0.00	-50	0.01	-27	0.00	-50
GRCh38:chr9:74500000:T:A	ENSG00000198963	0.00	-50	0.00	-50	0.00	2	0.00	-50
GRCh38:chr9:75000000:C:G	ENSG00000156017	0.00	-50	0.00	-50	0.00	-45	0.00	-50
GRCh38:chr9:76000000:G:T	ENSG00000099139	0.00	-50	0.00	-50	0.00	28	0.00	-50
GRCh38:chr9:76500000:A:C	ENSG00000187210	0.00	-50	0.00	-50	0.00	-2	0.00	-50
GRCh38:chr9:77500000:G:T	ENSG00000156049	0.00	-50	0.00	-50	0.00	-34	0.00	-50
GRCh38:chr9:78000000:A:C	ENSG00000156052	0.00	-50	0.00	-50	0.00	4	0.00	-50
GRCh38:chr9:83000000:C:G	ENSG00000165105	0.00	-50	0.00	-50	0.00	-37	0.00	-50
GRCh38:chr9:83500000:A:C	ENSG00000172159	0.00	-50	0.00	-50	0.00	-31	0.00	-49
GRCh38:chr9:84000000:A:C	ENSG00000178966	0.00	-50	0.00	-50	0.00	1	0.00	-50
GRCh38:chr9:85000000:A:C	ENSG00000148053	0.00	-50	0.00	-50	0.00	4	0.00	-50
GRCh38:chr9:86000000:T:A	ENSG00000135040	0.00	-50	0.00	-50	0.00	-11	0.00	-50
GRCh38:chr9:87500000:G:T	ENSG00000196730	0.00	-50	0.00	-50	0.00	15	0.00	-50
GRCh38:chr9:89000000:T:A	ENSG00000213694	0.00	-50	0.00	-50	0.00	-16	0.00	-50
GRCh38:chr9:92500000:T:A	ENSG00000106823	0.00	-50	0.00	-50	0.00	-3	0.00	-50
GRCh38:chr9:92500000:T:A	ENSG00000188312	0.00	-50	0.00	-50	0.00	4	0.00	-50
GRCh38:chr9:93000000:T:A	ENSG00000127084	0.00	-50	0.00	-50	0.00	5	0.00	-50
GRCh38:chr9:93500000:T:A	ENSG00000048828	0.00	-50	0.00	-50	0.00	26	0.00	-50
GRCh38:chr9:95000000:T:A	ENSG00000148120	0.00	-50	0.00	-50	0.00	0	0.00	-50
GRCh38:chr9:95500000:C:G	ENSG00000185920	0.00	-50	0.00	-50	0.00	-41	0.00	-50
GRCh38:chr9:96000000:T:A	ENSG00000182150	0.00	-50	0.00	-50	0.00	-1	0.00	-50
GRCh38:chr9:96500000:T:A	ENSG00000081377	0.00	-50	0.00	-50	0.00	21	0.00	-49
GRCh38:chr9:98000000:T:A	ENSG00000136938	0.00	-50	0.00	-50	0.00	0	0.00	-50
GRCh38:chr9:98500000:C:G	ENSG00000136928	0.00	-50	0.00	-50	0.00	1	0.00	-50
GRCh38:chr9:99000000:A:C	ENSG00000204291	0.00	-50	0.00	-50	0.00	30	0.00	-50
GRCh38:chr9:100000000:A:C	ENSG00000023318	0.00	-50	0.00	-50	0.00	-19	0.00	-50
GRCh38:chr9:100500000:A:C	ENSG00000241697	0.01	3	0.00	-50	0.01	3	0.00	-50
GRCh38:chr9:100500000:A:C	ENSG00000251349	0.01	3	0.00	-50	0.01	3	0.00	-50
GRCh38:chr9:101500000:G:T	ENSG00000165152	0.00	-50	0.00	-50	0.00	1	0.00	-50
GRCh38:chr9:103000000:C:G	ENSG00000155833	0.00	-50	0.00	-50	0.00	1	0.00	-50
GRCh38:chr9:105500000:T:A	ENSG00000106701	0.00	-50	0.00	-50	0.00	0	0.00	-50
GRCh38:chr9:107000000:G:T	ENSG00000148143	0.00	-50	0.00	-50	0.00	11	0.00	-50
GRCh38:chr9:109000000:G:T	ENSG00000119326	0.00	-50	0.00	-50	0.00	-2	0.00	-50
GRCh38:chr9:109500000:A:C	ENSG00000157654	0.00	-50	0.00	-50	0.00	-5	0.00	-50
GRCh38:chr9:110000000:T:A	ENSG00000157654	0.00	-50	0.00	-50	0.00	37	0.00	-49
GRCh38:chr9:110500000:T:A	ENSG00000165124	0.00	-50	0.00	-50	0.00	-4	0.00	-50
GRCh38:chr9:111000000:A:C	ENSG00000198121	0.00	-50	0.00	-50	0.00	-19	0.00	-50
GRCh38:chr9:112500000:T:A	ENSG00000165185	0.00	-50	0.00	-50	0.00	0	0.00	-50
GRCh38:chr9:113500000:G:T	ENSG00000138835	0.06	44	0.00	-50	0.06	44	0.00	-50
GRCh38:chr9:114000000:G:T	ENSG00000157657	0.00	-50	0.00	-50	0.00	2	0.00	-50
GRCh38:chr9:114500000:C:G	ENSG00000095397	0.00	-50	0.00	-50	0.00	-38	0.00	-50
GRCh38:chr9:116500000:A:C	ENSG00000148219	0.00	-50	0.00	-50	0.00	-1	0.00	-50
GRCh38:chr9:117000000:T:A	ENSG00000148219	0.00	-50	0.00	-50	0.00	9	0.00	-50
GRCh38:chr9:118000000:G:T	ENSG00000285082	0.00	-50	0.00	-50	0.00	2	0.00	-50
GRCh38:chr9:120500000:T:A	ENSG00000136861	0.00	-50	0.00	-50	0.00	-17	0.00	-50
GRCh38:chr9:121000000:A:C	ENSG00000106804	0.01	-18	0.00	-50	0.01	-18	0.00	-49
GRCh38:chr9:122000000:C:G	ENSG00000175764	0.01	-13	0.00	-50	0.01	-13	0.00	-50
GRCh38:chr9:123000000:G:T	ENSG00000011454	0.00	-50	0.00	-50	0.00	-1	0.00	-50
GRCh38:chr9:123500000:C:G	ENSG00000119522	0.01	-17	0.00	-50	0.01	-17	0.00	-50
GRCh38:chr9:124500000:G:T	ENSG00000136931	0.00	-50	0.00	-50	0.00	-4	0.00	-50
GRCh38:chr9:125000000:C:G	ENSG00000173611	0.00	-50	0.00	-50	0.00	13	0.00	-10
GRCh38:chr9:125500000:A:C	ENSG00000119487	0.00	-50	0.00	-50	0.00	-2	0.00	-50
GRCh38:chr9:126500000:A:C	ENSG00000196814	0.00	-50	0.00	-50	0.00	21	0.00	-50
GRCh38:chr9:127000000:G:T	ENSG00000136828	0.00	-50	0.00	-50	0.00	16	0.00	-50
GRCh38:chr9:127500000:A:C	ENSG00000148356	0.00	-50	0.00	-50	0.00	6	0.00	-50
GRCh38:chr9:128500000:C:G	ENSG00000136811	0.00	-50	0.00	-50	0.00	-5	0.00	-50
GRCh38:chr9:129000000:G:T	ENSG00000095319	0.20	-2	0.00	-50	0.20	-2	0.00	-50
GRCh38:chr9:130000000:G:T	ENSG00000187239	0.00	-50	0.00	-50	0.00	-40	0.00	-50
GRCh38:chr9:130500000:C:G	ENSG00000130707	0.01	48	0.00	-50	0.01	48	0.00	-50
GRCh38:chr9:131500000:T:A	ENSG00000288701	0.00	-50	0.00	-50	0.00	6	0.00	-50
GRCh38:chr9:132000000:A:C	ENSG00000160563	0.00	-50	0.00	-50	0.00	9	0.00	-50
GRCh38:chr9:132500000:A:C	ENSG00000188523	0.00	-50	0.00	-50	0.00	0	0.00	-50
GRCh38:chr9:135500000:C:G	ENSG00000122140	0.00	-50	0.00	-50	0.00	-3	0.00	-50
GRCh38:chr9:135500000:C:G	ENSG00000160345	0.05	-3	0.00	-50	0.05	-3	0.00	-50
GRCh38:chr9:136500000:C:G	ENSG00000148400	0.00	-50	0.00	-50	0.00	1	0.00	-50
GRCh38:chr9:137500000:T:A	ENSG00000130653	0.00	-50	0.00	-50	0.00	-17	0.00	-50
GRCh38:chr9:138000000:A:C	ENSG00000148408	0.00	-50	0.00	-50	0.00	14	0.00	-50
GRCh38:chr10:500000:T:A	ENSG00000151240	0.00	-50	0.00	-50	0.00	1	0.00	-49
GRCh38:chr10:1000000:A:C	ENSG00000107937	0.00	-50	0.00	-50	0.00	3	0.00	-50
GRCh38:chr10:1500000:T:A	ENSG00000185736	0.00	-50	0.00	-50	0.00	-5	0.00	-50
GRCh38:chr10:5000000:A:C	ENSG00000151632	0.00	-50	0.00	-50	0.00	-5	0.00	-50
GRCh38:chr10:6500000:T:A	ENSG00000065675	0.00	-50	0.00	-50	0.00	-6	0.00	-50
GRCh38:chr10:8000000:A:C	ENSG00000165632	0.00	-50	0.00	-50	0.00	-1	0.00	-50
GRCh38:chr10:11000000:T:A	ENSG00000048740	0.00	-50	0.00	-50	0.00	15	0.00	-50
GRCh38:chr10:11500000:A:C	ENSG00000148429	0.00	-50	0.00	-50	0.00	1	0.00	-50
GRCh38:chr10:12000000:T:A	ENSG00000151461	0.01	3	-0.02	9	0.01	3	-0.02	9
GRCh38:chr10:12500000:T:A	ENSG00000183049	0.00	-50	0.00	-50	0.00	34	0.00	-50
GRCh38:chr10:13000000:A:C	ENSG00000151468	0.00	-50	0.00	-50	0.00	-21	0.00	-50
GRCh38:chr10:13500000:G:T	ENSG00000165626	0.00	-50	0.00	-50	0.00	0	0.00	-50
GRCh38:chr10:14000000:T:A	ENSG00000151474	0.00	-50	0.00	-50	0.00	29	0.00	-50
GRCh38:chr10:16500000:T:A	ENSG00000165983	0.00	-50	0.00	-50	0.00	-7	0.00	-50
GRCh38:chr10:17000000:A:C	ENSG00000107611	0.00	-50	0.00	-50	0.00	-4	0.00	-50
GRCh38:chr10:18000000:C:G	ENSG00000148482	0.00	-50	0.00	-50	0.00	-21	0.00	-50
GRCh38:chr10:18500000:A:C	ENSG00000165995	0.00	-50	0.00	-50	0.00	-6	0.00	-50
GRCh38:chr10:19500000:G:T	ENSG00000204740	0.00	-50	0.00	-50	0.00	-4	0.00	-50
GRCh38:chr10:20000000:C:G	ENSG00000120594	0.00	-50	0.00	-50	0.00	3	0.00	-50
GRCh38:chr10:21000000:T:A	ENSG00000078114	0.00	-50	0.00	-50	0.00	-2	0.00	-50
GRCh38:chr10:22000000:T:A	ENSG00000136770	0.00	-50	0.00	-50	0.00	2	0.00	-50
GRCh38:chr10:23000000:G:T	ENSG00000165309	0.00	-50	0.00	-50	0.00	16	0.00	-50
GRCh38:chr10:24000000:A:C	ENSG00000120549	0.00	-50	0.00	-50	0.00	23	0.00	-50
GRCh38:chr10:24500000:T:A	ENSG00000120549	0.00	-50	0.00	-50	0.00	2	0.00	-50
GRCh38:chr10:25000000:G:T	ENSG00000151023	0.00	-50	0.00	-50	0.00	1	0.00	-50
GRCh38:chr10:25500000:T:A	ENSG00000151025	0.00	-50	0.00	-50	0.00	-6	0.00	-50
GRCh38:chr10:26000000:C:G	ENSG00000095777	0.00	-50	0.00	-50	0.00	44	0.00	-50
GRCh38:chr10:26500000:C:G	ENSG00000077420	0.00	-50	0.00	-50	0.00	34	0.00	-50
GRCh38:chr10:27000000:A:C	ENSG00000107890	0.01	10	0.00	-50	0.01	10	0.00	-50
GRCh38:chr10:29500000:T:A	ENSG00000197321	0.00	-50	0.00	-50	0.00	0	0.00	-49
GRCh38:chr10:31000000:T:A	ENSG00000183621	0.00	-50	0.00	-50	0.00	-12	0.00	-49
GRCh38:chr10:31500000:G:T	ENSG00000148516	0.00	-50	0.00	-50	0.00	12	0.00	-49
GRCh38:chr10:32500000:T:A	ENSG00000216937	0.00	-50	0.00	-50	0.00	27	0.00	-50
GRCh38:chr10:33000000:A:C	ENSG00000150093	0.00	-50	0.00	-50	0.00	-6	0.00	-50
GRCh38:chr10:34500000:A:C	ENSG00000148498	0.00	-50	0.00	-50	0.00	10	0.00	-49
GRCh38:chr10:35500000:T:A	ENSG00000108100	0.00	-50	0.00	-50	0.00	43	0.00	-50
GRCh38:chr10:45500000:A:C	ENSG00000165406	0.00	-50	0.00	-50	0.00	5	0.00	-50
GRCh38:chr10:46000000:C:G	ENSG00000265354	0.00	-50	0.00	-50	0.00	-3	0.00	-50
GRCh38:chr10:47000000:A:C	ENSG00000204179	0.00	-50	0.00	-50	0.00	2	0.00	-50
GRCh38:chr10:48500000:A:C	ENSG00000128805	0.00	-50	0.00	-50	0.00	-7	0.00	-50
GRCh38:chr10:49500000:A:C	ENSG00000225830	0.00	-50	0.00	-50	0.00	5	0.00	-50
GRCh38:chr10:50000000:G:T	ENSG00000178440	0.00	-50	0.00	-50	0.00	-13	0.00	-50
GRCh38:chr10:50000000:G:T	ENSG00000204149	0.00	-50	0.00	-50	0.00	-13	0.00	-50
GRCh38:chr10:50500000:C:G	ENSG00000198964	0.01	-3	0.00	-50	0.01	2	0.00	-49
GRCh38:chr10:51000000:T:A	ENSG00000185532	0.00	-50	0.00	-50	0.00	-47	0.00	-50
GRCh38:chr10:51500000:C:G	ENSG00000185532	0.00	-50	0.00	-50	0.00	3	0.00	-50
GRCh38:chr10:52000000:C:G	ENSG00000185532	0.00	-50	0.00	-50	0.00	-19	0.00	-50
GRCh38:chr10:54000000:G:T	ENSG00000150275	0.00	-50	0.00	-50	0.00	7	0.00	-50
GRCh38:chr10:54500000:T:A	ENSG00000150275	0.00	-50	0.00	-50	0.00	-2	0.00	-50
GRCh38:chr10:55000000:A:C	ENSG00000150275	0.00	-50	0.00	-50	0.00	6	0.00	-50
GRCh38:chr10:55500000:A:C	ENSG00000150275	0.00	-50	0.00	-50	0.00	-42	0.00	-50
GRCh38:chr10:60500000:A:C	ENSG00000151150	0.00	-50	0.00	-50	0.00	-1	0.00	-50
GRCh38:chr10:61000000:G:T	ENSG00000072422	0.00	-50	0.00	-50	0.00	0	0.00	-50
GRCh38:chr10:62000000:A:C	ENSG00000150347	0.00	-50	0.00	-50	0.00	3	0.00	-50
GRCh38:chr10:62500000:G:T	ENSG00000285837	0.00	-50	0.00	-50	0.00	0	0.00	-50
GRCh38:chr10:63500000:T:A	ENSG00000171988	0.00	-50	0.00	-50	0.00	12	0.00	-50
GRCh38:chr10:66000000:T:A	ENSG00000183230	0.00	-50	0.00	-50	0.00	-13	0.00	-50
GRCh38:chr10:66500000:A:C	ENSG00000183230	0.00	-50	0.00	-50	0.00	-9	0.00	-50
GRCh38:chr10:67000000:A:C	ENSG00000183230	0.00	-50	0.00	-50	0.00	3	0.00	-50
GRCh38:chr10:67000000:A:C	ENSG00000198739	0.00	-50	0.00	-50	0.00	5	0.00	-50
GRCh38:chr10:67500000:T:A	ENSG00000183230	0.00	-50	0.00	-50	0.00	6	0.00	-50
GRCh38:chr10:68000000:T:A	ENSG00000148634	0.00	-50	0.00	-50	0.00	4	0.00	-50
GRCh38:chr10:68500000:T:A	ENSG00000122912	0.03	27	0.00	-50	0.03	27	0.00	-50
GRCh38:chr10:69000000:A:C	ENSG00000198954	0.00	-50	0.00	-50	0.00	-6	0.00	-50
GRCh38:chr10:69500000:C:G	ENSG00000099282	0.00	-50	0.00	-50	0.00	23	0.00	-50
GRCh38:chr10:70500000:C:G	ENSG00000107719	0.01	14	0.00	-50	0.01	14	0.00	-50
GRCh38:chr10:71500000:C:G	ENSG00000107736	0.01	-5	0.00	-50	0.01	-5	0.00	-50
GRCh38:chr10:72000000:T:A	ENSG00000122863	0.02	-3	0.00	-50	0.02	-3	0.00	-50
GRCh38:chr10:72500000:G:T	ENSG00000107745	0.00	-50	0.00	-50	0.00	-13	0.00	-50
GRCh38:chr10:73500000:T:A	ENSG00000166348	0.00	-50	0.00	-50	0.00	4	0.00	-50
GRCh38:chr10:74000000:G:T	ENSG00000035403	0.03	-31	0.00	-50	0.03	-31	0.00	-50
GRCh38:chr10:74500000:A:C	ENSG00000156110	0.00	-50	0.00	-50	0.00	3	0.00	-49
GRCh38:chr10:75000000:C:G	ENSG00000156650	0.00	-50	0.00	-50	0.00	11	0.00	-50
GRCh38:chr10:75500000:A:C	ENSG00000148655	0.00	-50	0.00	-50	0.00	-13	0.00	-50
GRCh38:chr10:76000000:A:C	ENSG00000148655	0.00	-50	0.00	-50	0.00	-1	0.00	-50
GRCh38:chr10:76500000:G:T	ENSG00000148655	0.00	-50	0.00	-50	0.00	-5	0.00	-50
GRCh38:chr10:77000000:A:C	ENSG00000156113	0.00	-50	0.00	-50	0.00	-4	0.00	-50
GRCh38:chr10:77500000:A:C	ENSG00000156113	0.00	-50	0.00	-50	0.00	-13	0.00	-50
GRCh38:chr10:78000000:G:T	ENSG00000148606	0.00	-50	0.00	-50	0.00	-1	0.00	-19
GRCh38:chr10:80500000:C:G	ENSG00000108219	0.00	-50	0.00	-50	0.00	5	0.00	-50
GRCh38:chr10:82000000:T:A	ENSG00000185737	0.00	-50	0.00	-50	0.00	2	0.00	-50
GRCh38:chr10:82500000:T:A	ENSG00000185737	0.00	-50	0.00	-50	0.00	3	0.00	-50
GRCh38:chr10:84500000:C:G	ENSG00000107771	0.02	7	0.00	-50	0.02	7	0.00	-50
GRCh38:chr10:86000000:A:C	ENSG00000182771	0.00	-50	0.00	-50	0.00	38	0.00	-49
GRCh38:chr10:86500000:G:T	ENSG00000062650	0.00	-50	0.00	-50	0.00	40	0.00	-49
GRCh38:chr10:88500000:A:C	ENSG00000184719	0.00	-50	0.00	-50	0.00	-2	0.00	-50
GRCh38:chr10:89000000:A:C	ENSG00000026103	0.00	-50	0.00	-50	0.00	1	0.00	-50
GRCh38:chr10:89500000:T:A	ENSG00000152779	0.00	-50	0.00	-50	0.00	-16	0.00	-50
GRCh38:chr10:91500000:A:C	ENSG00000165338	0.00	-50	0.00	-50	0.00	9	0.00	-50
GRCh38:chr10:92000000:A:C	ENSG00000095564	0.00	-50	0.00	-50	0.00	1	0.00	-50
GRCh38:chr10:92500000:A:C	ENSG00000119912	0.00	-50	0.00	-50	0.00	27	0.00	-48
GRCh38:chr10:93000000:A:C	ENSG00000138190	0.00	-50	0.00	-50	0.00	37	0.00	-50
GRCh38:chr10:93500000:T:A	ENSG00000138180	0.00	-50	0.00	-50	0.00	21	0.00	40
GRCh38:chr10:94000000:T:A	ENSG00000138193	0.00	-50	0.00	-50	0.00	10	0.00	-50
GRCh38:chr10:94500000:C:G	ENSG00000108239	0.00	-50	0.00	-50	0.00	-3	0.00	-50
GRCh38:chr10:95500000:C:G	ENSG00000095637	0.01	-13	0.00	-50	0.01	49	0.00	-49
GRCh38:chr10:96000000:A:C	ENSG00000188649	0.00	-50	0.00	-50	0.00	0	0.00	-50
GRCh38:chr10:96500000:G:T	ENSG00000095587	0.00	-50	0.00	-50	0.00	1	0.00	-50
GRCh38:chr10:97000000:T:A	ENSG00000187122	0.00	-50	0.00	-50	0.00	-7	0.00	-50
GRCh38:chr10:97500000:T:A	ENSG00000165886	0.00	-50	0.00	-50	0.00	-45	0.00	-50
GRCh38:chr10:98000000:T:A	ENSG00000095713	0.00	-50	0.00	-50	0.00	-6	0.00	-50
GRCh38:chr10:98500000:C:G	ENSG00000172987	0.00	-50	0.00	-50	0.00	39	0.00	-50
GRCh38:chr10:99000000:A:C	ENSG00000172987	0.00	-50	0.00	-50	0.00	16	0.00	-50
GRCh38:chr10:100000000:G:T	ENSG00000107554	0.00	-50	0.00	-50	0.00	-7	0.00	-50
GRCh38:chr10:100500000:T:A	ENSG00000075826	0.00	-50	0.00	-50	0.00	-39	0.00	-50
GRCh38:chr10:101000000:T:A	ENSG00000107816	0.00	-50	0.00	-50	0.00	-48	0.00	-50
GRCh38:chr10:101500000:T:A	ENSG00000166167	0.00	-50	0.00	-50	0.00	-3	0.00	-50
GRCh38:chr10:102000000:T:A	ENSG00000120029	0.00	-50	0.00	-50	0.00	-29	0.00	-50
GRCh38:chr10:102500000:G:T	ENSG00000138107	0.00	-50	0.00	-50	0.00	-18	0.00	-50
GRCh38:chr10:103000000:T:A	ENSG00000148842	0.00	-50	0.00	-50	0.00	6	0.00	-50
GRCh38:chr10:103500000:G:T	ENSG00000107954	0.01	-21	0.00	-50	0.01	37	0.00	-50
GRCh38:chr10:104000000:T:A	ENSG00000065613	0.00	-50	0.00	-50	0.00	0	0.00	-48
GRCh38:chr10:105000000:T:A	ENSG00000156395	0.00	-50	0.00	-50	0.00	11	0.00	-50
GRCh38:chr10:107000000:C:G	ENSG00000108018	0.12	-12	0.00	-50	0.12	-12	0.00	-50
GRCh38:chr10:110000000:A:C	ENSG00000148700	0.00	-50	0.00	-50	0.00	4	0.00	-50
GRCh38:chr10:110500000:A:C	ENSG00000138166	0.00	-50	0.00	-50	0.00	21	0.00	-50
GRCh38:chr10:111000000:A:C	ENSG00000108061	0.00	-50	0.00	-50	0.00	-2	0.00	-50
GRCh38:chr10:112500000:A:C	ENSG00000151532	0.01	5	0.00	-50	0.01	5	0.00	-50
GRCh38:chr10:113000000:C:G	ENSG00000148737	0.00	-50	0.00	-50	0.00	13	0.00	-49
GRCh38:chr10:114500000:G:T	ENSG00000099204	0.03	23	0.00	-50	0.03	23	0.00	-50
GRCh38:chr10:115500000:T:A	ENSG00000107518	0.01	33	0.00	-50	0.01	33	0.00	-50
GRCh38:chr10:117000000:T:A	ENSG00000187164	0.00	-50	0.00	-50	0.00	0	0.00	-50
GRCh38:chr10:119500000:A:C	ENSG00000148908	0.00	-50	0.00	-50	0.00	9	0.00	-48
GRCh38:chr10:120500000:G:T	ENSG00000203805	0.00	-50	0.00	-50	0.00	33	0.00	-50
GRCh38:chr10:121500000:T:A	ENSG00000066468	0.00	-50	0.00	-50	0.00	10	0.00	-50
GRCh38:chr10:122000000:A:C	ENSG00000138162	0.00	-50	0.00	-50	0.00	-14	0.00	-50
GRCh38:chr10:122500000:G:T	ENSG00000166033	0.00	-50	0.00	-50	0.00	-7	0.00	-50
GRCh38:chr10:123000000:C:G	ENSG00000095574	0.00	-50	0.00	-50	0.00	-17	0.00	-50
GRCh38:chr10:124500000:T:A	ENSG00000107902	0.00	-50	0.00	-50	0.00	-31	0.00	-49
GRCh38:chr10:125000000:G:T	ENSG00000175029	0.01	0	0.00	-50	0.01	0	0.00	-50
GRCh38:chr10:126000000:G:T	ENSG00000203780	0.00	-50	0.00	-50	0.00	-5	0.00	-50
GRCh38:chr10:126500000:T:A	ENSG00000154493	0.00	-50	0.00	-50	0.00	-7	0.00	-50
GRCh38:chr10:127000000:T:A	ENSG00000150760	0.00	-50	0.00	-50	0.00	-48	0.00	-50
GRCh38:chr10:128000000:G:T	ENSG00000132334	0.05	-2	0.00	-50	0.05	-2	0.00	-50
GRCh38:chr10:129500000:C:G	ENSG00000170430	0.00	-50	0.00	-50	0.00	28	0.00	-50
GRCh38:chr10:133500000:C:G	ENSG00000214279	0.00	-50	0.00	-50	0.00	-35	0.00	-50
GRCh38:chr11:500000:C:G	ENSG00000023191	0.72	-8	-0.22	-1	0.72	-8	-0.22	-1
GRCh38:chr11:1000000:G:T	ENSG00000183020	0.00	-50	0.00	-50	0.00	1	0.00	-50
GRCh38:chr11:1500000:C:G	ENSG00000182208	0.00	-50	0.00	-50	0.00	-31	0.00	-50
GRCh38:chr11:2500000:A:C	ENSG00000053918	0.00	-50	0.00	-50	0.00	7	0.00	-50
GRCh38:chr11:4000000:A:C	ENSG00000167323	0.00	-50	0.00	-50	0.00	-6	0.00	-50
GRCh38:chr11:5000000:T:A	ENSG00000176798	0.00	-50	0.00	-50	0.00	2	0.00	-50
GRCh38:chr11:5500000:T:A	ENSG00000167355	0.00	-50	0.00	-50	0.00	2	0.00	-50
GRCh38:chr11:5500000:T:A	ENSG00000196565	0.00	-50	0.00	-50	0.00	2	0.00	-50
GRCh38:chr11:5500000:T:A	ENSG00000213931	0.00	-50	0.00	-50	0.00	2	0.00	-50
GRCh38:chr11:5500000:T:A	ENSG00000239920	0.00	-50	0.00	-50	0.00	2	0.00	-50
GRCh38:chr11:6000000:T:A	ENSG00000183389	0.00	-50	0.00	-50	0.00	-31	0.00	-50
GRCh38:chr11:6500000:T:A	ENSG00000179532	0.00	-50	0.00	-50	0.00	-10	0.00	-50
GRCh38:chr11:6500000:T:A	ENSG00000283977	0.00	-50	0.00	-50	0.00	-10	0.00	-50
GRCh38:chr11:7000000:T:A	ENSG00000149050	0.01	5	0.00	-50	0.01	5	0.00	-49
GRCh38:chr11:7000000:T:A	ENSG00000149054	0.00	-50	0.00	-50	0.00	25	0.00	-49
GRCh38:chr11:7500000:C:G	ENSG00000183801	0.00	-50	0.00	-50	0.00	19	0.00	-50
GRCh38:chr11:8000000:T:A	ENSG00000175390	0.00	-50	0.00	-50	0.00	1	0.00	-50
GRCh38:chr11:8500000:C:G	ENSG00000130413	0.01	-38	0.00	-50	0.01	-38	0.00	-50
GRCh38:chr11:9000000:A:C	ENSG00000175352	0.00	-50	0.00	-50	0.00	2	0.00	-50
GRCh38:chr11:9500000:T:A	ENSG00000166478	0.00	-50	0.00	-50	0.00	5	0.00	-50
GRCh38:chr11:10000000:A:C	ENSG00000133812	0.00	-50	0.00	-50	0.00	-48	0.00	-50
GRCh38:chr11:10500000:T:A	ENSG00000133805	0.00	-50	0.00	-50	0.00	4	0.00	-50
GRCh38:chr11:11500000:G:T	ENSG00000110328	0.00	-50	0.00	-50	0.00	-10	0.00	-50
GRCh38:chr11:12000000:C:G	ENSG00000050165	0.00	-50	0.00	-50	0.00	1	0.00	-50
GRCh38:chr11:12500000:C:G	ENSG00000197702	0.01	-15	0.00	-50	0.01	-15	0.00	-50
GRCh38:chr11:14000000:A:C	ENSG00000262655	0.00	-50	0.00	-50	0.00	0	0.00	-50
GRCh38:chr11:14500000:G:T	ENSG00000129083	0.02	37	0.00	-50	0.02	37	0.00	-50
GRCh38:chr11:14500000:G:T	ENSG00000256206	0.02	37	0.00	-50	0.02	37	0.00	-50
GRCh38:chr11:15000000:G:T	ENSG00000175868	0.00	-50	0.00	-50	0.00	-40	0.00	-50
GRCh38:chr11:16000000:T:A	ENSG00000110693	0.00	-50	0.00	-50	0.00	21	0.00	-50
GRCh38:chr11:16500000:A:C	ENSG00000110693	0.00	-50	0.00	-50	0.00	0	0.00	-49
GRCh38:chr11:17000000:T:A	ENSG00000166689	0.00	-50	0.00	-50	0.00	0	0.00	-50
GRCh38:chr11:17500000:A:C	ENSG00000006611	0.02	-10	0.00	-50	0.02	-10	0.00	-49
GRCh38:chr11:18000000:T:A	ENSG00000129158	0.00	-50	0.00	-50	0.00	-33	0.00	-50
GRCh38:chr11:18500000:A:C	ENSG00000074319	0.00	-50	0.00	-50	0.00	1	0.00	-50
GRCh38:chr11:19500000:A:C	ENSG00000166833	0.00	-50	0.00	-50	0.00	0	0.00	-50
GRCh38:chr11:20000000:G:T	ENSG00000166833	0.00	-50	0.00	-50	0.00	-1	0.00	-50
GRCh38:chr11:20500000:T:A	ENSG00000185238	0.10	15	0.00	-50	0.10	15	0.00	-50
GRCh38:chr11:21000000:T:A	ENSG00000165973	0.00	-50	0.00	-50	0.00	4	0.00	-50
GRCh38:chr11:21500000:G:T	ENSG00000165973	0.00	-50	0.00	-50	0.00	-3	0.00	-49
GRCh38:chr11:22000000:C:G	ENSG00000171714	0.00	-50	0.00	-50	0.00	0	0.00	-50
GRCh38:chr11:24500000:C:G	ENSG00000187398	0.00	-50	0.00	-50	0.00	5	0.00	-50
GRCh38:chr11:25000000:G:T	ENSG00000187398	0.00	-50	0.00	-50	0.00	8	0.00	-50
GRCh38:chr11:26500000:A:C	ENSG00000134343	0.00	-50	0.00	-50	0.00	6	0.00	-50
GRCh38:chr11:27500000:A:C	ENSG00000148943	0.00	-50	0.00	-50	0.00	15	0.00	-50
GRCh38:chr11:28500000:G:T	ENSG00000169519	0.00	-50	0.00	-50	0.00	43	0.00	-50
GRCh38:chr11:30500000:C:G	ENSG00000066382	0.00	-50	0.00	-50	0.00	-28	0.00	-50
GRCh38:chr11:31000000:C:G	ENSG00000170959	0.00	-50	0.00	-50	0.00	35	0.00	-50
GRCh38:chr11:31500000:A:C	ENSG00000148950	0.00	-50	0.00	-50	0.00	0	0.00	-50
GRCh38:chr11:32000000:C:G	ENSG00000285283	0.00	-50	0.00	-50	0.00	7	0.00	-48
GRCh38:chr11:33500000:T:A	ENSG00000110427	0.00	-50	0.00	-50	0.00	22	0.00	-49
GRCh38:chr11:34500000:G:T	ENSG00000135374	0.00	-50	0.00	-50	0.00	7	0.00	-50
GRCh38:chr11:35000000:C:G	ENSG00000110435	0.00	-50	0.00	-50	0.00	-10	0.00	-50
GRCh38:chr11:35500000:G:T	ENSG00000149090	0.00	-50	0.00	-50	0.00	-21	0.00	-49
GRCh38:chr11:36000000:G:T	ENSG00000179241	0.00	-50	0.00	-50	0.00	-43	0.00	-50
GRCh38:chr11:36500000:A:C	ENSG00000175104	0.00	-50	0.00	-50	0.00	-5	0.00	-50
GRCh38:chr11:40500000:C:G	ENSG00000148948	0.02	-19	0.00	-50	0.02	-19	0.00	-47
GRCh38:chr11:41000000:A:C	ENSG00000148948	0.25	24	0.00	-50	0.25	24	0.00	-50
GRCh38:chr11:46000000:T:A	ENSG00000135365	0.01	-47	0.00	-50	0.01	-47	0.00	-50
GRCh38:chr11:46500000:A:C	ENSG00000110497	0.00	-50	0.00	-50	0.00	18	0.00	-50
GRCh38:chr11:47000000:G:T	ENSG00000149179	0.00	-50	0.00	-50	0.00	1	0.00	-49
GRCh38:chr11:47500000:C:G	ENSG00000149187	0.00	-50	0.00	-50	0.00	18	0.00	-50
GRCh38:chr11:48000000:G:T	ENSG00000149177	0.00	-50	0.00	-50	0.00	2	0.00	-50
GRCh38:chr11:57500000:C:G	ENSG00000149150	0.01	-23	0.00	-50	0.01	-23	0.00	-50
GRCh38:chr11:59000000:G:T	ENSG00000166840	0.00	-50	0.00	-50	0.00	27	0.00	-50
GRCh38:chr11:60000000:T:A	ENSG00000255393	0.00	-50	0.00	-50	0.00	-6	0.00	-50
GRCh38:chr11:60500000:G:T	ENSG00000071203	0.00	-50	0.00	-50	0.00	3	0.00	-50
GRCh38:chr11:61000000:C:G	ENSG00000013725	0.00	-50	0.00	-50	0.00	0	0.00	-50
GRCh38:chr11:62500000:T:A	ENSG00000124942	0.00	-50	0.00	-50	0.00	46	0.00	-50
GRCh38:chr11:63000000:G:T	ENSG00000149452	0.00	-50	0.00	-50	0.00	0	0.00	-50
GRCh38:chr11:64000000:T:A	ENSG00000133315	0.00	-50	0.00	-50	0.00	4	0.00	-50
GRCh38:chr11:64000000:T:A	ENSG00000167770	0.01	-4	0.00	-50	0.01	-4	0.00	-49
GRCh38:chr11:66000000:T:A	ENSG00000175376	0.01	2	0.00	-50	0.01	2	0.00	-50
GRCh38:chr11:66500000:T:A	ENSG00000254986	0.00	-50	0.00	-50	0.00	-25	0.00	-50
GRCh38:chr11:67500000:G:T	ENSG00000110697	0.01	6	0.00	-50	0.01	6	0.00	-49
GRCh38:chr11:68000000:C:G	ENSG00000110057	0.00	-50	0.00	-50	0.00	41	0.00	-50
GRCh38:chr11:68500000:G:T	ENSG00000110075	0.01	-7	0.00	-50	0.01	-7	0.00	-50
GRCh38:chr11:71500000:C:G	ENSG00000172890	0.00	-50	0.00	-50	0.00	12	0.00	-50
GRCh38:chr11:72000000:A:C	ENSG00000137496	0.00	-50	-0.02	12	0.00	-32	-0.02	12
GRCh38:chr11:73000000:G:T	ENSG00000137478	0.00	-50	0.00	-50	0.00	-2	0.00	-50
GRCh38:chr11:73500000:G:T	ENSG00000054965	0.00	-50	0.00	-50	0.00	-21	0.00	-50
GRCh38:chr11:74500000:T:A	ENSG00000077514	0.00	-50	0.00	-50	0.00	-7	0.00	-50
GRCh38:chr11:75000000:T:A	ENSG00000162139	0.00	-50	0.00	-50	0.00	4	0.00	-50
GRCh38:chr11:75500000:A:C	ENSG00000158555	0.01	-1	0.00	-50	0.01	-1	0.00	-50
GRCh38:chr11:76000000:T:A	ENSG00000198382	0.00	-50	0.00	-50	0.00	2	0.00	-50
GRCh38:chr11:76500000:C:G	ENSG00000158636	0.00	-50	0.00	-50	0.00	-27	0.00	-50
GRCh38:chr11:77000000:T:A	ENSG00000078124	0.00	-50	0.00	-50	0.00	1	0.00	-50
GRCh38:chr11:78500000:G:T	ENSG00000137513	0.00	-50	0.00	-50	0.00	37	0.00	-50
GRCh38:chr11:79000000:A:C	ENSG00000149256	0.00	-50	0.00	-50	0.00	-1	0.00	-50
GRCh38:chr11:83000000:G:T	ENSG00000137502	0.00	-50	0.00	-50	0.00	1	0.00	-50
GRCh38:chr11:83500000:A:C	ENSG00000150672	0.00	-50	0.00	-50	0.00	0	0.00	-50
GRCh38:chr11:84000000:A:C	ENSG00000150672	0.00	-50	0.00	-50	0.00	-1	0.00	-50
GRCh38:chr11:84500000:A:C	ENSG00000150672	0.00	-50	0.00	-50	0.00	2	0.00	-50
GRCh38:chr11:85000000:T:A	ENSG00000150672	0.00	-50	0.00	-50	0.00	3	0.00	-50
GRCh38:chr11:85500000:G:T	ENSG00000150672	0.00	-50	0.00	-50	0.00	-13	0.00	-50
GRCh38:chr11:86000000:A:C	ENSG00000073921	0.00	-50	0.00	-50	0.00	-8	0.00	-50
GRCh38:chr11:86500000:G:T	ENSG00000151376	0.00	-50	0.00	-50	0.00	-2	0.00	-49
GRCh38:chr11:89000000:A:C	ENSG00000168959	0.00	-50	0.00	-50	0.00	-24	0.00	-50
GRCh38:chr11:92500000:A:C	ENSG00000165323	0.00	-50	0.00	-50	0.00	5	0.00	-50
GRCh38:chr11:93500000:C:G	ENSG00000166002	0.00	-50	0.00	-50	0.00	0	0.00	-49
GRCh38:chr11:96000000:A:C	ENSG00000184384	0.01	13	0.00	-50	0.01	13	0.00	-49
GRCh38:chr11:96500000:C:G	ENSG00000183340	0.01	35	0.00	-50	0.01	35	0.00	-50
GRCh38:chr11:99500000:A:C	ENSG00000149972	0.00	-50	0.00	-50	0.00	29	0.00	-50
GRCh38:chr11:100000000:A:C	ENSG00000149972	0.00	-50	0.00	-50	0.00	-2	0.00	-50
GRCh38:chr11:101500000:A:C	ENSG00000137672	0.00	-50	0.00	-50	0.00	2	0.00	-50
GRCh38:chr11:102000000:G:T	ENSG00000110318	0.00	-50	0.00	-50	0.00	-1	0.00	-50
GRCh38:chr11:104000000:T:A	ENSG00000170962	0.00	-50	0.00	-50	0.00	-41	0.00	-49
GRCh38:chr11:105000000:T:A	ENSG00000137757	0.00	-50	0.00	-50	0.00	20	0.00	-50
GRCh38:chr11:105500000:T:A	ENSG00000255501	0.00	-50	0.00	-50	0.00	40	0.00	-50
GRCh38:chr11:106000000:C:G	ENSG00000170903	0.01	-5	0.00	-50	0.01	-5	0.00	-50
GRCh38:chr11:107000000:G:T	ENSG00000152402	0.00	-50	0.00	-50	0.00	1	0.00	-50
GRCh38:chr11:110000000:C:G	ENSG00000137710	0.01	27	0.00	-50	0.01	27	0.00	-50
GRCh38:chr11:111500000:G:T	ENSG00000137707	0.00	-50	0.00	-50	0.00	17	0.00	-49
GRCh38:chr11:112000000:G:T	ENSG00000150764	0.00	-50	0.00	-50	0.00	13	0.00	-50
GRCh38:chr11:113000000:T:A	ENSG00000149294	0.00	-50	0.00	-50	0.00	0	0.00	-50
GRCh38:chr11:115500000:C:G	ENSG00000182985	0.00	-50	0.00	-50	0.00	9	0.00	-50
GRCh38:chr11:117000000:A:C	ENSG00000160584	0.00	-50	0.00	-50	0.00	2	0.00	-50
GRCh38:chr11:117500000:C:G	ENSG00000177103	0.00	-50	0.00	-50	0.00	-34	0.00	-50
GRCh38:chr11:118000000:A:C	ENSG00000110324	0.00	-50	0.00	-50	0.00	-4	0.00	-50
GRCh38:chr11:118500000:C:G	ENSG00000118058	0.00	-50	0.00	-50	0.00	50	0.00	-50
GRCh38:chr11:119000000:C:G	ENSG00000186166	0.00	-50	0.00	-50	0.00	0	0.00	-50
GRCh38:chr11:121500000:T:A	ENSG00000137642	0.01	-9	0.00	-50	0.01	23	0.00	-50
GRCh38:chr11:123500000:A:C	ENSG00000023171	0.00	-50	0.00	-50	0.00	2	0.00	-50
GRCh38:chr11:125000000:T:A	ENSG00000149548	0.00	-50	0.00	-50	0.00	22	0.00	-50
GRCh38:chr11:125500000:A:C	ENSG00000149557	0.04	-21	0.00	-50	0.04	-21	0.00	-50
GRCh38:chr11:126000000:C:G	ENSG00000064309	0.00	-50	0.00	-50	0.00	-2	0.00	-50
GRCh38:chr11:126500000:T:A	ENSG00000149571	0.00	-50	0.00	-50	0.00	-20	0.00	-50
GRCh38:chr11:127000000:T:A	ENSG00000149571	0.00	-50	0.00	-50	0.00	-9	0.00	-50
GRCh38:chr11:128500000:G:T	ENSG00000134954	0.00	-50	0.00	-50	0.00	-6	0.00	-49
GRCh38:chr11:129000000:T:A	ENSG00000134909	0.00	-50	0.00	-50	0.00	-9	0.00	-50
GRCh38:chr11:130000000:T:A	ENSG00000170325	0.00	-50	0.00	-50	0.00	-10	0.00	-50
GRCh38:chr11:131500000:C:G	ENSG00000182667	0.00	-50	0.00	-50	0.00	49	0.00	-50
GRCh38:chr11:132000000:C:G	ENSG00000182667	0.00	-50	0.00	-50	0.00	1	0.00	-50
GRCh38:chr11:132500000:A:C	ENSG00000183715	0.00	-50	0.00	-50	0.00	2	0.00	-50
GRCh38:chr11:133000000:A:C	ENSG00000183715	0.00	-50	0.00	-50	0.00	-43	0.00	-50
GRCh38:chr11:133500000:T:A	ENSG00000183715	0.00	-50	0.00	-50	0.00	14	0.00	-50
GRCh38:chr12:500000:C:G	ENSG00000139044	0.00	-50	0.00	-50	0.00	-36	0.00	-48
GRCh38:chr12:1000000:T:A	ENSG00000082805	0.00	-50	0.00	-50	0.00	7	0.00	-50
GRCh38:chr12:2000000:C:G	ENSG00000151065	0.00	-50	0.00	-50	0.00	19	0.00	-50
GRCh38:chr12:2000000:C:G	ENSG00000151067	0.00	-50	0.00	-50	0.00	19	0.00	-50
GRCh38:chr12:2500000:A:C	ENSG00000151067	0.01	-22	0.00	-50	0.01	-22	0.00	-50
GRCh38:chr12:3000000:C:G	ENSG00000197905	0.00	-50	0.00	-50	0.00	14	0.00	-50
GRCh38:chr12:3500000:T:A	ENSG00000111218	0.00	-50	0.00	-50	0.00	0	0.00	-49
GRCh38:chr12:4500000:A:C	ENSG00000047621	0.00	-50	0.00	-50	0.00	2	0.00	-50
GRCh38:chr12:5500000:A:C	ENSG00000185652	0.00	-50	0.00	-50	0.00	-9	0.00	-50
GRCh38:chr12:6000000:A:C	ENSG00000110799	0.00	-50	0.00	-50	0.00	-4	0.00	-50
GRCh38:chr12:6500000:G:T	ENSG00000010292	0.00	-50	0.00	-50	0.00	-1	0.00	-50
GRCh38:chr12:7000000:A:C	ENSG00000111684	0.00	-50	0.00	-50	0.00	2	0.00	-50
GRCh38:chr12:7000000:A:C	ENSG00000182326	0.00	-50	0.00	-50	0.00	0	0.00	-50
GRCh38:chr12:7500000:C:G	ENSG00000177575	0.00	-50	0.00	-50	0.00	-9	0.00	-49
GRCh38:chr12:9000000:A:C	ENSG00000139187	0.00	-50	0.00	-50	0.00	12	0.00	-50
GRCh38:chr12:10000000:G:T	ENSG00000165682	0.00	-50	0.00	-50	0.00	0	0.00	-50
GRCh38:chr12:11000000:A:C	ENSG00000212127	0.00	-50	0.00	-50	0.00	6	0.00	-50
GRCh38:chr12:11000000:A:C	ENSG00000231887	0.00	-50	0.00	-50	0.00	6	0.00	-50
GRCh38:chr12:11000000:A:C	ENSG00000275778	0.00	-50	0.00	-50	0.00	6	0.00	-50
GRCh38:chr12:11500000:C:G	ENSG00000121335	0.02	21	0.00	-50	0.02	21	0.00	-46
GRCh38:chr12:12500000:A:C	ENSG00000111266	0.00	-50	0.00	-50	0.00	2	0.00	-50
GRCh38:chr12:13000000:G:T	ENSG00000013583	0.00	-50	-0.03	37	0.00	-50	-0.03	37
GRCh38:chr12:13500000:G:T	ENSG00000273079	0.00	-50	0.00	-50	0.00	-7	0.00	-50
GRCh38:chr12:14500000:A:C	ENSG00000171681	0.00	-50	0.00	-50	0.00	-3	0.00	-50
GRCh38:chr12:15500000:G:T	ENSG00000151490	0.00	-50	0.00	-50	0.00	1	0.00	-50
GRCh38:chr12:16000000:C:G	ENSG00000023697	0.01	-1	0.00	-50	0.01	-1	0.00	-50
GRCh38:chr12:16500000:C:G	ENSG00000008394	0.00	-50	0.00	-50	0.00	-4	0.00	-50
GRCh38:chr12:18500000:C:G	ENSG00000139144	0.00	-50	0.00	-50	0.00	-30	0.00	-50
GRCh38:chr12:19500000:C:G	ENSG00000139154	0.00	-50	0.00	-50	0.00	5	0.00	-50
GRCh38:chr12:20500000:C:G	ENSG00000172572	0.00	-50	0.00	-50	0.00	6	0.00	-50
GRCh38:chr12:21000000:T:A	ENSG00000257046	0.00	-50	0.00	-50	0.00	5	0.00	-50
GRCh38:chr12:21500000:A:C	ENSG00000004700	0.00	-50	0.00	-50	0.00	-1	0.00	-50
GRCh38:chr12:22500000:C:G	ENSG00000111731	0.00	-50	0.00	-50	0.00	20	0.00	-50
GRCh38:chr12:24000000:G:T	ENSG00000134532	0.00	-50	0.00	-50	0.00	-2	0.00	-49
GRCh38:chr12:24500000:T:A	ENSG00000134532	0.07	2	0.00	-50	0.07	2	0.00	-50
GRCh38:chr12:25500000:G:T	ENSG00000152936	0.25	-4	0.00	-50	0.25	-4	0.00	-50
GRCh38:chr12:26000000:A:C	ENSG00000123094	0.00	-50	0.00	-50	0.00	-24	0.00	-50
GRCh38:chr12:26500000:A:C	ENSG00000123104	0.00	-50	0.00	-50	0.00	-27	0.00	-50
GRCh38:chr12:27000000:C:G	ENSG00000064115	0.00	-50	0.00	-50	0.00	-30	0.00	-50
GRCh38:chr12:27500000:G:T	ENSG00000165935	0.00	-50	0.00	-50	0.00	-1	0.00	-50
GRCh38:chr12:28500000:G:T	ENSG00000123106	0.00	-50	0.00	-50	0.00	1	0.00	-50
GRCh38:chr12:31500000:A:C	ENSG00000170456	0.00	-50	0.00	-50	0.00	-4	0.00	-48
GRCh38:chr12:32500000:T:A	ENSG00000139132	0.00	-50	0.00	-50	0.00	4	0.00	-50
GRCh38:chr12:40000000:T:A	ENSG00000151229	0.00	-50	0.00	-50	0.00	-8	0.00	-50
GRCh38:chr12:40500000:A:C	ENSG00000205592	0.01	20	0.00	-50	0.01	20	0.00	-49
GRCh38:chr12:41000000:C:G	ENSG00000018236	0.00	-50	0.00	-50	0.00	10	0.00	-50
GRCh38:chr12:41500000:T:A	ENSG00000165966	0.00	-50	0.00	-50	0.00	2	0.00	-50
GRCh38:chr12:42500000:C:G	ENSG00000139174	0.00	-50	0.00	-50	0.00	-50	0.00	-49
GRCh38:chr12:43500000:A:C	ENSG00000173157	0.00	-50	0.00	-50	0.00	-32	0.00	-50
GRCh38:chr12:44000000:T:A	ENSG00000139173	0.01	-29	0.00	-50	0.01	-29	0.00	-50
GRCh38:chr12:48000000:C:G	ENSG00000139219	0.00	-50	0.00	-50	0.00	-25	0.00	-50
GRCh38:chr12:49500000:G:T	ENSG00000123352	0.00	-50	0.00	-50	0.00	23	0.00	-49
GRCh38:chr12:50000000:C:G	ENSG00000161800	0.00	-50	0.00	-50	0.00	-6	0.00	-50
GRCh38:chr12:51000000:T:A	ENSG00000110911	0.00	-50	0.00	-50	0.00	-20	0.00	-50
GRCh38:chr12:51500000:G:T	ENSG00000050438	0.00	-50	0.00	-50	0.00	-1	0.00	-50
GRCh38:chr12:53500000:T:A	ENSG00000139625	0.00	-50	0.00	-50	0.00	6	0.00	-50
GRCh38:chr12:54000000:A:C	ENSG00000180806	0.00	-50	0.00	-50	0.00	41	0.00	-50
GRCh38:chr12:54000000:A:C	ENSG00000197757	0.00	-50	0.00	-50	0.00	41	0.00	-50
GRCh38:chr12:54000000:A:C	ENSG00000273049	0.00	-50	0.00	-50	0.00	41	0.00	-50
GRCh38:chr12:54500000:C:G	ENSG00000123338	0.00	-50	0.00	-50	0.00	35	0.00	-50
GRCh38:chr12:56000000:G:T	ENSG00000139531	0.00	-50	0.00	-50	0.00	-10	0.00	-48
GRCh38:chr12:57000000:A:C	ENSG00000166860	0.00	-50	0.00	-50	0.00	-27	0.00	-50
GRCh38:chr12:57500000:G:T	ENSG00000166986	0.00	-50	0.00	-50	0.00	17	0.00	-50
GRCh38:chr12:62000000:A:C	ENSG00000198673	0.01	-1	0.00	-50	0.01	-1	0.00	-50
GRCh38:chr12:62500000:A:C	ENSG00000061987	0.00	-50	0.00	-50	0.00	3	0.00	-50
GRCh38:chr12:64000000:T:A	ENSG00000196935	0.00	-50	0.00	-50	0.00	34	0.00	-50
GRCh38:chr12:64500000:A:C	ENSG00000183735	0.00	-50	0.00	-50	0.00	3	0.00	-50
GRCh38:chr12:66500000:T:A	ENSG00000155974	0.00	-50	0.00	-50	0.00	7	0.00	-49
GRCh38:chr12:67000000:T:A	ENSG00000155974	0.00	-50	0.00	-50	0.00	1	0.00	-50
GRCh38:chr12:69500000:A:C	ENSG00000166225	0.00	-50	0.00	-50	0.00	2	0.00	-50
GRCh38:chr12:71500000:A:C	ENSG00000139292	0.00	-50	0.00	-50	0.00	2	0.00	-50
GRCh38:chr12:72000000:G:T	ENSG00000139287	0.00	-50	0.00	-50	0.00	4	0.00	-50
GRCh38:chr12:72500000:A:C	ENSG00000072657	0.00	-50	0.00	-50	0.00	17	0.00	-50
GRCh38:chr12:75500000:G:T	ENSG00000111615	0.00	-50	0.00	-50	0.00	-17	0.00	-50
GRCh38:chr12:75500000:G:T	ENSG00000139278	0.00	-50	0.00	-50	0.00	-2	0.00	-50
GRCh38:chr12:76500000:G:T	ENSG00000091039	0.00	-50	0.00	-50	0.00	-7	0.00	-50
GRCh38:chr12:77500000:A:C	ENSG00000067798	0.00	-50	0.00	-50	0.00	-1	0.00	-50
GRCh38:chr12:78000000:T:A	ENSG00000067798	0.00	-50	0.00	-50	0.00	-6	0.00	-50
GRCh38:chr12:79000000:G:T	ENSG00000067715	0.00	-50	0.00	-50	0.00	1	0.00	-50
GRCh38:chr12:80500000:C:G	ENSG00000139304	0.00	-50	0.00	-50	0.00	0	0.00	-50
GRCh38:chr12:81000000:C:G	ENSG00000111058	0.00	-50	0.00	-50	0.00	-2	0.00	-50
GRCh38:chr12:81500000:C:G	ENSG00000139220	0.00	-50	0.00	-50	0.00	2	0.00	-50
GRCh38:chr12:83000000:A:C	ENSG00000179104	0.00	-50	0.00	-50	0.00	-20	0.00	-50
GRCh38:chr12:86000000:A:C	ENSG00000182050	0.00	-50	0.00	-50	0.00	-2	0.00	-50
GRCh38:chr12:86500000:C:G	ENSG00000182050	0.00	-50	0.00	-50	0.00	-23	0.00	-50
GRCh38:chr12:88000000:G:T	ENSG00000165805	0.00	-50	0.00	-50	0.00	-21	0.00	-50
GRCh38:chr12:88500000:C:G	ENSG00000049130	0.00	-50	0.00	-50	0.00	-1	0.00	-50
GRCh38:chr12:89500000:G:T	ENSG00000139323	0.00	-50	0.00	-50	0.00	-3	0.00	-50
GRCh38:chr12:91000000:A:C	ENSG00000083782	0.00	-50	0.00	-50	0.00	3	0.00	-50
GRCh38:chr12:93500000:C:G	ENSG00000198015	0.00	-50	0.00	-50	0.00	5	0.00	-50
GRCh38:chr12:95000000:A:C	ENSG00000184752	0.00	-50	0.00	-50	0.00	-8	0.00	-50
GRCh38:chr12:95500000:T:A	ENSG00000111142	0.00	-50	0.00	-50	0.00	-5	0.00	-50
GRCh38:chr12:96500000:T:A	ENSG00000188596	0.00	-50	0.00	-50	0.00	31	0.00	-50
GRCh38:chr12:99000000:T:A	ENSG00000185046	0.01	-26	0.00	-50	0.01	-26	0.00	-50
GRCh38:chr12:99500000:A:C	ENSG00000185046	0.00	-50	0.00	-50	0.00	-21	0.00	-50
GRCh38:chr12:100500000:T:A	ENSG00000012504	0.02	24	0.00	-50	0.02	24	0.00	-50
GRCh38:chr12:101000000:G:T	ENSG00000151572	0.00	-50	0.00	-50	0.00	4	0.00	-49
GRCh38:chr12:102000000:A:C	ENSG00000136048	0.00	-50	0.00	-50	0.00	-14	0.00	-50
GRCh38:chr12:104000000:C:G	ENSG00000120820	0.01	-31	0.00	-50	0.01	-31	0.00	-50
GRCh38:chr12:104500000:C:G	ENSG00000171310	0.00	-50	0.00	-50	0.00	6	0.00	-50
GRCh38:chr12:105000000:G:T	ENSG00000151131	0.00	-50	0.00	-50	0.00	-1	0.00	-50
GRCh38:chr12:106500000:T:A	ENSG00000013503	0.00	-50	0.00	-50	0.00	9	0.00	-50
GRCh38:chr12:107000000:C:G	ENSG00000008405	0.00	-50	0.00	-50	0.00	-43	0.00	-50
GRCh38:chr12:107500000:A:C	ENSG00000151136	0.00	-50	0.00	-50	0.00	9	0.00	-49
GRCh38:chr12:109000000:T:A	ENSG00000166111	0.00	-50	0.00	-50	0.00	1	0.00	-50
GRCh38:chr12:109500000:A:C	ENSG00000151148	0.00	-50	0.00	-50	0.00	-1	0.00	-50
GRCh38:chr12:110000000:G:T	ENSG00000076513	0.01	12	0.00	-50	0.01	12	0.00	-50
GRCh38:chr12:110500000:C:G	ENSG00000111237	0.00	-50	0.00	-50	0.00	27	0.00	-50
GRCh38:chr12:111500000:C:G	ENSG00000204842	0.00	-50	0.00	-50	0.00	5	0.00	-50
GRCh38:chr12:112000000:T:A	ENSG00000198270	0.00	-50	0.00	-50	0.00	-4	0.00	-50
GRCh38:chr12:112500000:T:A	ENSG00000179295	0.00	-50	0.00	-50	0.00	-16	0.00	-50
GRCh38:chr12:113000000:C:G	ENSG00000111335	0.00	-50	0.00	-50	0.00	38	0.00	-50
GRCh38:chr12:116000000:T:A	ENSG00000123066	0.00	-50	0.00	-50	0.00	-3	0.00	-50
GRCh38:chr12:117000000:T:A	ENSG00000174989	0.00	-50	0.00	-50	0.00	-2	0.00	-49
GRCh38:chr12:117500000:G:T	ENSG00000171435	0.00	-50	0.00	-50	0.00	-2	0.00	-50
GRCh38:chr12:119000000:A:C	ENSG00000139767	0.00	-50	0.00	-50	0.00	-7	0.00	-50
GRCh38:chr12:119500000:T:A	ENSG00000183273	0.00	-50	0.00	-50	0.00	0	0.00	-50
GRCh38:chr12:120000000:G:T	ENSG00000135127	0.00	-50	0.00	-50	0.00	2	0.00	-50
GRCh38:chr12:121000000:T:A	ENSG00000135100	0.00	-50	0.00	-50	0.00	-21	0.00	-50
GRCh38:chr12:121500000:A:C	ENSG00000089094	0.00	-50	0.00	-50	0.00	5	0.00	-50
GRCh38:chr12:122000000:G:T	ENSG00000158023	0.00	-50	0.00	-50	0.00	-6	0.00	-50
GRCh38:chr12:122500000:T:A	ENSG00000033030	0.00	-50	0.00	-50	0.00	6	0.00	-50
GRCh38:chr12:123000000:C:G	ENSG00000090975	0.00	-50	0.00	-50	0.00	3	0.00	-50
GRCh38:chr12:124000000:G:T	ENSG00000178882	0.00	-50	0.00	-50	0.00	-4	0.00	-50
GRCh38:chr12:124000000:G:T	ENSG00000179195	0.00	-50	0.00	-50	0.00	-4	0.00	-50
GRCh38:chr12:124500000:C:G	ENSG00000196498	0.00	-50	0.00	-50	0.00	-10	0.00	-50
GRCh38:chr12:125000000:C:G	ENSG00000184992	0.00	-50	0.00	-50	0.00	-5	0.00	-49
GRCh38:chr12:125500000:C:G	ENSG00000139364	0.00	-50	0.00	-50	0.00	2	0.00	-50
GRCh38:chr12:128500000:C:G	ENSG00000181234	0.00	-50	0.00	-50	0.00	23	0.00	-50
GRCh38:chr12:129500000:A:C	ENSG00000151952	0.00	-50	0.00	-50	0.00	-5	0.00	-50
GRCh38:chr12:130500000:T:A	ENSG00000060709	0.00	-50	0.00	-50	0.00	-2	0.00	-50
GRCh38:chr12:131000000:G:T	ENSG00000111452	0.00	-50	0.00	-50	0.00	15	0.00	-50
GRCh38:chr12:132000000:G:T	ENSG00000183495	0.00	-50	0.00	-50	0.00	14	0.00	-50
GRCh38:chr12:132500000:A:C	ENSG00000112787	0.01	47	0.00	-50	0.01	47	0.00	-50
GRCh38:chr12:133000000:A:C	ENSG00000198393	0.00	-50	0.00	-50	0.00	5	0.00	-50
GRCh38:chr13:19500000:C:G	ENSG00000132958	0.00	-50	0.00	-50	0.00	0	0.00	-50
GRCh38:chr13:20000000:G:T	ENSG00000121741	0.00	-50	0.00	-50	0.00	7	0.00	-50
GRCh38:chr13:20500000:T:A	ENSG00000165475	0.00	-50	0.00	-50	0.00	-3	0.00	-49
GRCh38:chr13:21000000:T:A	ENSG00000150457	0.00	-50	0.00	-50	0.00	3	0.00	-50
GRCh38:chr13:21500000:T:A	ENSG00000165487	0.00	-50	0.00	-50	0.00	5	0.00	-50
GRCh38:chr13:24000000:G:T	ENSG00000182957	0.00	-50	0.00	-50	0.00	10	0.00	-48
GRCh38:chr13:24000000:G:T	ENSG00000273167	0.00	-50	0.00	-50	0.00	10	0.00	-48
GRCh38:chr13:24500000:T:A	ENSG00000102699	0.00	-50	0.00	-50	0.00	4	0.00	-50
GRCh38:chr13:25500000:G:T	ENSG00000132932	0.00	-50	0.00	-50	0.00	1	0.00	-50
GRCh38:chr13:26000000:T:A	ENSG00000132932	0.00	-50	0.00	-50	0.00	-8	0.00	-50
GRCh38:chr13:29000000:A:C	ENSG00000132938	0.00	-50	0.00	-50	0.00	0	0.00	-50
GRCh38:chr13:29500000:G:T	ENSG00000132938	0.00	-50	0.00	-50	0.00	16	0.00	-50
GRCh38:chr13:30500000:A:C	ENSG00000189403	0.00	-50	0.00	-50	0.00	-8	0.00	-50
GRCh38:chr13:32000000:A:C	ENSG00000073910	0.00	-50	0.00	-50	0.00	-2	0.00	-50
GRCh38:chr13:32500000:T:A	ENSG00000244754	0.00	-50	0.00	-50	0.00	10	0.00	-49
GRCh38:chr13:35000000:T:A	ENSG00000172915	0.00	-50	0.00	-50	0.00	11	0.00	-48
GRCh38:chr13:35500000:G:T	ENSG00000172915	0.00	-50	0.00	-50	0.00	-2	0.00	-50
GRCh38:chr13:36000000:C:G	ENSG00000133083	0.00	-50	0.00	-50	0.00	1	0.00	-50
GRCh38:chr13:37000000:G:T	ENSG00000120697	0.01	9	0.00	-50	0.01	9	0.00	-50
GRCh38:chr13:37000000:G:T	ENSG00000120699	0.01	-21	0.00	-50	0.01	-21	0.00	-50
GRCh38:chr13:39500000:G:T	ENSG00000183722	0.01	-18	0.00	-50	0.01	-18	0.00	-50
GRCh38:chr13:41000000:G:T	ENSG00000120690	0.00	-50	0.00	-50	0.00	-6	0.00	-50
GRCh38:chr13:43500000:C:G	ENSG00000120658	0.00	-50	0.00	-50	0.00	13	0.00	-50
GRCh38:chr13:44000000:C:G	ENSG00000281883	0.00	-50	0.00	-50	0.00	9	0.00	-50
GRCh38:chr13:44500000:T:A	ENSG00000102804	0.00	-50	0.00	-50	0.00	1	0.00	-50
GRCh38:chr13:45000000:T:A	ENSG00000133114	0.00	-50	0.00	-50	0.00	32	0.00	-49
GRCh38:chr13:45500000:A:C	ENSG00000136152	0.00	-50	0.00	-50	0.00	8	0.00	-50
GRCh38:chr13:46000000:T:A	ENSG00000123200	0.00	-50	0.00	-50	0.00	1	0.00	-50
GRCh38:chr13:48000000:A:C	ENSG00000136143	0.00	-50	0.00	-50	0.00	2	0.00	-50
GRCh38:chr13:48500000:G:T	ENSG00000136161	0.00	-50	0.00	-50	0.00	-1	0.00	-50
GRCh38:chr13:48500000:G:T	ENSG00000139687	0.00	-50	0.00	-50	0.00	13	0.00	-49
GRCh38:chr13:49000000:C:G	ENSG00000102531	0.00	-50	0.00	-50	0.00	1	0.00	-50
GRCh38:chr13:49500000:G:T	ENSG00000136147	0.00	-50	0.00	-50	0.00	1	0.00	-50
GRCh38:chr13:50000000:A:C	ENSG00000204977	0.00	-50	0.00	-50	0.00	1	0.00	-50
GRCh38:chr13:51000000:T:A	ENSG00000136104	0.00	-50	0.00	-50	0.00	12	0.00	-49
GRCh38:chr13:52000000:C:G	ENSG00000123191	0.00	-50	0.00	-50	0.00	-10	0.00	-50
GRCh38:chr13:60000000:A:C	ENSG00000139734	0.00	-50	0.00	-50	0.00	6	0.00	-50
GRCh38:chr13:60500000:G:T	ENSG00000083544	0.00	-50	0.00	-50	0.00	8	0.00	-49
GRCh38:chr13:66500000:T:A	ENSG00000184226	0.00	-50	0.00	-50	0.00	-37	0.00	-50
GRCh38:chr13:67000000:A:C	ENSG00000184226	0.00	-50	0.00	-50	0.00	16	0.00	-50
GRCh38:chr13:70000000:C:G	ENSG00000150361	0.00	-50	0.00	-50	0.00	-28	0.00	-50
GRCh38:chr13:71500000:T:A	ENSG00000276644	0.00	-50	0.00	-50	0.00	-35	0.00	-50
GRCh38:chr13:73000000:C:G	ENSG00000083535	0.00	-50	0.00	-50	0.00	-5	0.00	-50
GRCh38:chr13:74000000:T:A	ENSG00000118922	0.00	-50	0.00	-50	0.00	-11	0.00	-50
GRCh38:chr13:77000000:G:T	ENSG00000005812	0.00	-50	0.00	-50	0.00	-1	0.00	-50
GRCh38:chr13:77000000:G:T	ENSG00000102805	0.00	-50	0.00	-50	0.00	17	0.00	-50
GRCh38:chr13:77000000:G:T	ENSG00000283208	0.00	-50	0.00	-50	0.00	17	0.00	-50
GRCh38:chr13:79500000:G:T	ENSG00000102471	0.00	-50	0.00	-50	0.00	-17	0.00	-50
GRCh38:chr13:91500000:T:A	ENSG00000179399	0.00	-50	0.00	-50	0.00	8	0.00	-50
GRCh38:chr13:92000000:C:G	ENSG00000179399	0.00	-50	0.00	-50	0.00	1	0.00	-48
GRCh38:chr13:92500000:A:C	ENSG00000179399	0.00	-50	0.00	-50	0.00	-7	0.00	-50
GRCh38:chr13:93500000:C:G	ENSG00000183098	0.00	-50	0.00	-50	0.00	-42	0.00	-50
GRCh38:chr13:94000000:A:C	ENSG00000183098	0.00	-50	0.00	-50	0.00	-4	0.00	-50
GRCh38:chr13:95500000:C:G	ENSG00000134873	0.00	-50	0.00	-50	0.00	32	0.00	-50
GRCh38:chr13:96000000:A:C	ENSG00000102595	0.01	-10	0.00	-50	0.01	-10	0.00	-50
GRCh38:chr13:96500000:T:A	ENSG00000185352	0.00	-50	0.00	-50	0.00	31	0.00	-50
GRCh38:chr13:98000000:T:A	ENSG00000065150	0.00	-50	0.00	-50	0.00	-2	0.00	-50
GRCh38:chr13:98500000:C:G	ENSG00000102572	0.00	-50	0.00	-50	0.00	-1	0.00	-50
GRCh38:chr13:99000000:A:C	ENSG00000088387	0.00	-50	0.00	-50	0.00	33	0.00	-50
GRCh38:chr13:99500000:G:T	ENSG00000125304	0.03	-44	0.00	-50	0.03	-44	0.00	-47
GRCh38:chr13:100500000:A:C	ENSG00000175198	0.01	-7	0.00	-50	0.01	-7	0.00	-50
GRCh38:chr13:101500000:T:A	ENSG00000198542	0.00	-50	0.00	-50	0.00	-47	0.00	-50
GRCh38:chr13:102000000:T:A	ENSG00000102466	0.00	-50	0.00	-50	0.00	-2	0.00	-50
GRCh38:chr13:106500000:T:A	ENSG00000125266	0.00	-50	0.00	-50	0.00	26	0.00	-50
GRCh38:chr13:107500000:C:G	ENSG00000204442	0.00	-50	0.00	-50	0.00	28	0.00	-50
GRCh38:chr13:109000000:A:C	ENSG00000041515	0.00	-50	0.00	-50	0.00	21	0.00	-50
GRCh38:chr13:110500000:A:C	ENSG00000134871	0.00	-50	0.00	-50	0.00	28	0.00	-50
GRCh38:chr13:112500000:T:A	ENSG00000126216	0.00	-50	0.00	-50	0.00	4	0.00	-50
GRCh38:chr13:113000000:A:C	ENSG00000126217	0.00	-50	0.00	-50	0.00	12	0.00	-50
GRCh38:chr13:113500000:G:T	ENSG00000150403	0.00	-50	-0.08	-42	0.00	13	-0.08	-42
GRCh38:chr13:114000000:C:G	ENSG00000185989	0.00	-50	0.00	-50	0.00	-9	0.00	-49
GRCh38:chr14:19000000:A:C	ENSG00000222036	0.00	-50	0.00	-50	0.00	-42	0.00	-50
GRCh38:chr14:21000000:G:T	ENSG00000165794	0.00	-50	0.00	-50	0.00	7	0.00	-50
GRCh38:chr14:21500000:C:G	ENSG00000165819	0.06	-13	0.00	-50	0.06	-13	0.00	-50
GRCh38:chr14:23000000:T:A	ENSG00000100802	0.00	-50	0.00	-50	0.00	27	0.00	-50
GRCh38:chr14:23500000:T:A	ENSG00000129460	0.00	-50	0.00	-50	0.00	3	0.00	-50
GRCh38:chr14:24000000:T:A	ENSG00000187630	0.00	-50	0.00	-50	0.00	1	0.00	-50
GRCh38:chr14:25000000:C:G	ENSG00000168952	0.00	-50	0.00	-50	0.00	-11	0.00	-48
GRCh38:chr14:26500000:C:G	ENSG00000139910	0.00	-50	0.00	-50	0.00	1	0.00	-50
GRCh38:chr14:30000000:T:A	ENSG00000184304	0.01	-5	0.00	-50	0.01	-5	0.00	-50
GRCh38:chr14:31000000:C:G	ENSG00000196792	0.01	0	0.00	-50	0.01	38	0.00	-50
GRCh38:chr14:31500000:A:C	ENSG00000151413	0.00	-50	0.00	-50	0.00	-7	0.00	-50
GRCh38:chr14:32500000:T:A	ENSG00000151320	0.00	-50	0.00	-50	0.00	-6	0.00	-49
GRCh38:chr14:33000000:T:A	ENSG00000151322	0.00	-50	0.00	-50	0.00	-2	0.00	-50
GRCh38:chr14:33500000:T:A	ENSG00000151322	0.00	-50	0.00	-50	0.00	1	0.00	-50
GRCh38:chr14:34000000:A:C	ENSG00000129521	0.00	-50	0.00	-50	0.00	34	0.00	-50
GRCh38:chr14:35000000:T:A	ENSG00000100883	0.00	-50	0.00	-50	0.01	-2	0.00	-50
GRCh38:chr14:36500000:T:A	ENSG00000257520	0.00	-50	0.00	-50	0.00	-1	0.00	-50
GRCh38:chr14:37000000:G:T	ENSG00000183032	0.00	-50	0.00	-50	0.00	5	0.00	-50
GRCh38:chr14:37500000:A:C	ENSG00000151338	0.00	-50	0.00	-50	0.00	-2	0.00	-50
GRCh38:chr14:38000000:C:G	ENSG00000139865	0.00	-50	0.00	-50	0.00	-5	0.00	-50
GRCh38:chr14:45000000:T:A	ENSG00000179454	0.00	-50	0.00	-50	0.00	0	0.00	-50
GRCh38:chr14:45000000:T:A	ENSG00000198718	0.01	38	0.00	-50	0.01	38	0.00	-50
GRCh38:chr14:47000000:A:C	ENSG00000139915	0.00	-50	0.00	-50	0.00	-19	0.00	-50
GRCh38:chr14:47500000:G:T	ENSG00000139915	0.00	-50	0.00	-50	0.00	5	0.00	-50
GRCh38:chr14:50500000:G:T	ENSG00000012983	0.00	-50	0.00	-50	0.00	-21	0.00	-50
GRCh38:chr14:51000000:C:G	ENSG00000100505	0.09	36	0.00	-50	0.09	36	0.00	-48
GRCh38:chr14:51500000:G:T	ENSG00000139926	0.00	-50	0.00	-50	0.00	-1	0.00	-50
GRCh38:chr14:52000000:G:T	ENSG00000087302	0.00	-50	0.00	-50	0.00	0	0.00	-50
GRCh38:chr14:52500000:C:G	ENSG00000087301	0.00	-50	0.00	-50	0.00	8	0.00	-50
GRCh38:chr14:55000000:G:T	ENSG00000198554	0.00	-50	0.00	-50	0.00	-2	0.00	-50
GRCh38:chr14:56500000:T:A	ENSG00000070269	0.00	-50	0.00	-50	0.00	-25	0.00	-49
GRCh38:chr14:58000000:C:G	ENSG00000139971	0.00	-50	0.00	-50	0.00	7	0.00	-50
GRCh38:chr14:58500000:T:A	ENSG00000100578	0.00	-50	0.00	-50	0.00	7	0.00	-50
GRCh38:chr14:59500000:A:C	ENSG00000050130	0.00	-50	0.00	-50	0.00	8	0.00	-50
GRCh38:chr14:60000000:C:G	ENSG00000131951	0.00	-50	0.00	-50	0.00	2	0.00	-50
GRCh38:chr14:60500000:A:C	ENSG00000179008	0.00	-50	0.00	-50	0.00	0	0.00	-50
GRCh38:chr14:61000000:A:C	ENSG00000139974	0.00	-50	0.00	-50	0.00	-3	0.00	-50
GRCh38:chr14:61500000:T:A	ENSG00000027075	0.00	-50	0.00	-50	0.00	-2	0.00	-50
GRCh38:chr14:62000000:G:T	ENSG00000139973	0.00	-50	0.00	-50	0.00	0	0.00	-50
GRCh38:chr14:63000000:G:T	ENSG00000140015	0.00	-50	0.00	-50	0.00	2	0.00	-50
GRCh38:chr14:63500000:T:A	ENSG00000154001	0.01	-9	0.00	-50	0.01	-9	0.00	-50
GRCh38:chr14:64000000:C:G	ENSG00000054654	0.00	-50	0.00	-50	0.00	1	0.00	-50
GRCh38:chr14:64500000:A:C	ENSG00000089775	0.00	-50	0.00	-50	0.00	-16	0.00	-49
GRCh38:chr14:65000000:A:C	ENSG00000125954	0.01	21	0.00	-50	0.01	21	0.00	-50
GRCh38:chr14:65000000:A:C	ENSG00000257365	0.01	21	0.00	-50	0.01	21	0.00	-50
GRCh38:chr14:65500000:C:G	ENSG00000033170	0.00	-50	0.00	-50	0.00	7	0.00	-50
GRCh38:chr14:67000000:T:A	ENSG00000171723	0.00	-50	0.00	-50	0.00	-12	0.00	-50
GRCh38:chr14:67500000:A:C	ENSG00000198133	0.00	-50	0.00	-50	0.00	10	0.00	-50
GRCh38:chr14:68000000:A:C	ENSG00000182185	0.00	-50	0.00	-50	0.00	-2	0.00	-50
GRCh38:chr14:68500000:C:G	ENSG00000182185	0.00	-50	0.00	-50	0.00	21	0.00	-48
GRCh38:chr14:69500000:T:A	ENSG00000175985	0.00	-50	0.00	-50	0.00	1	0.00	-50
GRCh38:chr14:70000000:C:G	ENSG00000198732	0.00	-50	0.00	-50	0.00	-16	0.00	-50
GRCh38:chr14:71000000:T:A	ENSG00000100731	0.00	-50	0.00	-50	0.00	-3	0.00	-50
GRCh38:chr14:71500000:T:A	ENSG00000197555	0.00	-50	0.00	-50	0.00	14	0.00	-49
GRCh38:chr14:72000000:A:C	ENSG00000182732	0.00	-50	0.00	-50	0.00	4	0.00	-50
GRCh38:chr14:72500000:T:A	ENSG00000182732	0.04	2	0.00	-50	0.04	2	0.00	-50
GRCh38:chr14:73000000:A:C	ENSG00000165861	0.00	-50	0.00	-50	0.00	31	0.00	-49
GRCh38:chr14:73500000:C:G	ENSG00000187105	0.00	-50	0.00	-50	0.00	-17	0.00	-50
GRCh38:chr14:74000000:A:C	ENSG00000187097	0.06	5	0.00	-50	0.06	5	0.00	-50
GRCh38:chr14:74500000:G:T	ENSG00000119681	0.00	-50	0.00	-50	0.00	8	0.00	-50
GRCh38:chr14:76000000:G:T	ENSG00000119650	0.09	-2	0.00	-50	0.09	-2	0.00	-50
GRCh38:chr14:76500000:T:A	ENSG00000119715	0.00	-50	0.00	-50	0.00	-42	0.00	-50
GRCh38:chr14:78500000:A:C	ENSG00000021645	0.00	-50	0.00	-50	0.00	19	0.00	-49
GRCh38:chr14:79000000:A:C	ENSG00000021645	0.00	-50	0.00	-50	0.00	38	0.00	-50
GRCh38:chr14:79500000:C:G	ENSG00000021645	0.00	-50	0.00	-50	0.00	8	0.00	-50
GRCh38:chr14:80500000:A:C	ENSG00000100629	0.00	-50	0.00	-50	0.00	-10	0.00	-49
GRCh38:chr14:81000000:T:A	ENSG00000165409	0.00	-50	0.00	-50	0.00	5	0.00	-50
GRCh38:chr14:81500000:G:T	ENSG00000071537	0.00	-50	0.00	-50	0.00	0	0.00	-50
GRCh38:chr14:88500000:T:A	ENSG00000070778	0.00	-50	0.00	-50	0.00	-4	0.00	-50
GRCh38:chr14:89500000:C:G	ENSG00000053254	0.00	-50	0.00	-50	0.00	1	0.00	-50
GRCh38:chr14:90000000:G:T	ENSG00000042088	0.02	-1	0.00	-50	0.02	-1	0.00	-50
GRCh38:chr14:91000000:G:T	ENSG00000100784	0.00	-50	0.00	-50	0.00	-3	0.00	-50
GRCh38:chr14:91500000:A:C	ENSG00000100796	0.00	-50	0.00	-50	0.00	-37	0.00	-50
GRCh38:chr14:92000000:T:A	ENSG00000100815	0.00	-50	-0.08	-32	0.00	8	-0.08	-32
GRCh38:chr14:92500000:C:G	ENSG00000140090	0.00	-50	0.00	-50	0.00	28	0.00	-50
GRCh38:chr14:93000000:A:C	ENSG00000100605	0.00	-50	0.00	-50	0.00	36	0.00	-50
GRCh38:chr14:93500000:A:C	ENSG00000133958	0.01	7	0.00	-50	0.01	7	0.00	-49
GRCh38:chr14:94000000:A:C	ENSG00000175699	0.00	-50	0.00	-50	0.00	6	0.00	-50
GRCh38:chr14:94500000:T:A	ENSG00000165953	0.00	-50	0.00	-50	0.00	-44	0.00	-50
GRCh38:chr14:95500000:C:G	ENSG00000176438	0.00	-50	0.00	-50	0.00	-2	0.00	-50
GRCh38:chr14:99500000:T:A	ENSG00000090061	0.00	-50	0.00	-50	0.00	13	0.00	-50
GRCh38:chr14:100000000:T:A	ENSG00000196405	0.00	-50	0.00	-50	0.00	9	0.00	-50
GRCh38:chr14:100500000:C:G	ENSG00000176473	0.00	-50	0.00	-50	0.00	-1	0.00	-50
GRCh38:chr14:102000000:C:G	ENSG00000197102	0.00	-50	0.00	-50	0.00	1	0.00	-50
GRCh38:chr14:102500000:C:G	ENSG00000196663	0.00	-50	0.00	-50	0.00	1	0.00	-50
GRCh38:chr14:103000000:A:C	ENSG00000198752	0.01	4	0.00	-50	0.01	4	0.00	-50
GRCh38:chr14:103500000:A:C	ENSG00000075413	0.00	-50	0.00	-50	0.00	23	0.00	-50
GRCh38:chr14:104000000:A:C	ENSG00000156414	0.00	-50	0.00	-50	0.00	-2	0.00	-50
GRCh38:chr14:104500000:C:G	ENSG00000258986	0.04	-24	0.00	-50	0.04	-24	0.00	-50
GRCh38:chr14:105000000:G:T	ENSG00000140104	0.00	-50	0.00	-50	0.00	1	0.00	-50
GRCh38:chr15:23000000:T:A	ENSG00000275835	0.00	-50	0.00	-50	0.00	-12	0.00	-50
GRCh38:chr15:25000000:C:G	ENSG00000214265	0.01	1	0.00	-50	0.01	1	0.00	-50
GRCh38:chr15:28000000:G:T	ENSG00000104044	0.00	-50	0.00	-50	0.00	-3	0.00	-50
GRCh38:chr15:29000000:A:C	ENSG00000034053	0.04	34	0.00	-50	0.04	34	0.00	-50
GRCh38:chr15:29500000:C:G	ENSG00000104059	0.00	-50	0.00	-50	0.00	9	0.00	-50
GRCh38:chr15:31500000:G:T	ENSG00000169918	0.00	-50	0.00	-50	0.00	4	0.00	-50
GRCh38:chr15:32000000:G:T	ENSG00000175344	0.00	-50	0.00	-50	0.00	-1	0.00	-50
GRCh38:chr15:33000000:A:C	ENSG00000248905	0.00	-50	0.00	-50	0.00	5	0.00	-48
GRCh38:chr15:33500000:T:A	ENSG00000198838	0.00	-50	0.00	-50	0.00	-7	0.00	-50
GRCh38:chr15:34000000:T:A	ENSG00000169857	0.00	-50	0.00	-50	0.00	-5	0.00	-49
GRCh38:chr15:34000000:T:A	ENSG00000184984	0.00	-50	0.00	-50	0.00	-2	0.00	-50
GRCh38:chr15:35500000:A:C	ENSG00000134146	0.01	39	0.00	-50	0.01	39	0.00	-50
GRCh38:chr15:37000000:C:G	ENSG00000134138	0.01	1	0.00	-50	0.01	1	0.00	-50
GRCh38:chr15:38500000:T:A	ENSG00000172575	0.03	-13	0.00	-50	0.03	-13	0.00	-50
GRCh38:chr15:40000000:A:C	ENSG00000128829	0.00	-50	0.00	-50	0.00	29	0.00	-50
GRCh38:chr15:41000000:A:C	ENSG00000128908	0.00	-50	0.00	-50	0.00	-27	0.00	-50
GRCh38:chr15:41500000:T:A	ENSG00000137825	0.00	-50	0.00	-50	0.00	-2	0.00	-50
GRCh38:chr15:42000000:G:T	ENSG00000188089	0.00	-50	0.00	-50	0.00	27	0.00	-50
GRCh38:chr15:42500000:C:G	ENSG00000092531	0.01	0	0.00	-50	0.01	0	0.00	-50
GRCh38:chr15:42500000:C:G	ENSG00000285942	0.00	-50	0.00	-50	0.00	-1	0.00	-50
GRCh38:chr15:43000000:T:A	ENSG00000159459	0.00	-50	0.00	-50	0.00	-2	0.00	-50
GRCh38:chr15:43500000:C:G	ENSG00000067369	0.00	-50	0.00	-50	0.00	-6	0.00	-50
GRCh38:chr15:44000000:T:A	ENSG00000171877	0.00	-50	0.00	-50	0.00	0	0.00	-50
GRCh38:chr15:44500000:T:A	ENSG00000137770	0.00	-50	0.00	-50	0.00	-2	0.00	-50
GRCh38:chr15:45500000:A:C	ENSG00000104154	0.00	-50	0.00	-50	0.00	-18	0.00	-50
GRCh38:chr15:47500000:C:G	ENSG00000137872	0.00	-50	0.00	-50	0.00	-21	0.00	-50
GRCh38:chr15:48500000:T:A	ENSG00000166147	0.00	-50	0.00	-50	0.00	46	0.00	-50
GRCh38:chr15:49000000:A:C	ENSG00000138593	0.01	-46	-0.07	-13	0.01	-9	-0.07	-13
GRCh38:chr15:49500000:T:A	ENSG00000166262	0.00	-50	0.00	-50	0.00	-6	0.00	-50
GRCh38:chr15:50000000:T:A	ENSG00000104043	0.00	-50	0.00	-50	0.00	-2	0.00	-50
GRCh38:chr15:50500000:A:C	ENSG00000138592	0.00	-50	0.00	-50	0.00	22	0.00	-50
GRCh38:chr15:50500000:A:C	ENSG00000170236	0.00	-50	0.00	-50	0.00	-3	0.00	-50
GRCh38:chr15:51000000:T:A	ENSG00000081014	0.00	-50	0.00	-50	0.00	43	0.00	-50
GRCh38:chr15:51500000:C:G	ENSG00000104093	0.02	-14	0.00	-50	0.02	-14	0.00	-50
GRCh38:chr15:52000000:G:T	ENSG00000069956	0.00	-50	0.00	-50	0.00	3	0.00	-49
GRCh38:chr15:52500000:C:G	ENSG00000197535	0.03	49	0.00	-50	0.03	49	0.00	-50
GRCh38:chr15:54000000:A:C	ENSG00000137766	0.00	-50	0.00	-50	0.00	-42	0.00	-50
GRCh38:chr15:54500000:A:C	ENSG00000137766	0.00	-50	0.00	-50	0.00	-11	0.00	-50
GRCh38:chr15:55500000:C:G	ENSG00000256061	0.00	-50	0.00	-50	0.00	-5	0.00	-49
GRCh38:chr15:57000000:C:G	ENSG00000140262	0.00	-50	0.00	-50	0.00	-1	0.00	-50
GRCh38:chr15:57500000:G:T	ENSG00000128849	0.01	20	0.00	-50	0.01	20	0.00	-50
GRCh38:chr15:58000000:G:T	ENSG00000128918	0.00	-50	0.00	-50	0.00	-2	0.00	-49
GRCh38:chr15:58500000:T:A	ENSG00000166035	0.00	-50	0.00	-50	0.00	2	0.00	-50
GRCh38:chr15:59000000:A:C	ENSG00000157450	0.00	-50	0.00	-50	0.00	-1	0.00	-50
GRCh38:chr15:59500000:G:T	ENSG00000157470	0.00	-50	0.00	-50	0.00	20	0.00	-50
GRCh38:chr15:60500000:G:T	ENSG00000069667	0.00	-50	0.00	-50	0.00	2	0.00	-50
GRCh38:chr15:61000000:G:T	ENSG00000069667	0.00	-50	0.00	-50	0.00	47	0.00	-50
GRCh38:chr15:62000000:A:C	ENSG00000129003	0.00	-50	0.00	-50	0.00	47	0.00	-49
GRCh38:chr15:62500000:A:C	ENSG00000171914	0.00	-50	0.00	-50	0.00	7	0.00	-50
GRCh38:chr15:64000000:C:G	ENSG00000035664	0.00	-50	0.00	-50	0.00	0	0.00	-50
GRCh38:chr15:64500000:G:T	ENSG00000180357	0.01	5	0.00	-50	0.01	5	0.00	-49
GRCh38:chr15:65500000:A:C	ENSG00000074603	0.00	-50	0.00	-50	0.00	-3	0.00	-50
GRCh38:chr15:66000000:T:A	ENSG00000157890	0.00	-50	0.00	-50	0.00	21	0.00	-50
GRCh38:chr15:66500000:G:T	ENSG00000174444	0.00	-50	0.00	-50	0.00	-23	0.00	-50
GRCh38:chr15:67500000:A:C	ENSG00000103599	0.00	-50	0.00	-50	0.00	-20	0.00	-50
GRCh38:chr15:69000000:C:G	ENSG00000255346	0.00	-50	0.00	-50	0.00	2	0.00	-50
GRCh38:chr15:71000000:G:T	ENSG00000137821	0.10	22	0.00	-50	0.10	22	0.00	-50
GRCh38:chr15:71500000:G:T	ENSG00000187720	0.00	-50	0.00	-50	0.00	-3	0.00	-50
GRCh38:chr15:72000000:T:A	ENSG00000066933	0.00	-50	0.00	-50	0.00	-3	0.00	-50
GRCh38:chr15:72500000:G:T	ENSG00000166233	0.00	-50	0.00	-50	0.00	6	0.00	-49
GRCh38:chr15:73500000:T:A	ENSG00000183324	0.00	-50	0.00	-50	0.00	-19	0.00	-50
GRCh38:chr15:74000000:A:C	ENSG00000140464	0.00	-50	0.00	-50	0.00	0	0.00	-50
GRCh38:chr15:75000000:T:A	ENSG00000198794	0.00	-50	0.00	-50	0.00	-1	0.00	-50
GRCh38:chr15:75500000:A:C	ENSG00000169410	0.00	-50	0.00	-50	0.00	-10	0.00	-50
GRCh38:chr15:76000000:C:G	ENSG00000169752	0.00	-50	0.00	-50	0.00	-2	0.00	-50
GRCh38:chr15:76500000:T:A	ENSG00000140386	0.00	-50	0.00	-50	0.00	0	0.00	-50
GRCh38:chr15:77000000:C:G	ENSG00000140368	0.00	-50	0.00	-50	0.00	5	0.00	-50
GRCh38:chr15:78000000:G:T	ENSG00000167202	0.00	-50	0.00	-50	0.00	-4	0.00	-50
GRCh38:chr15:78500000:G:T	ENSG00000136381	0.00	-50	0.00	-50	0.00	-1	0.00	-50
GRCh38:chr15:79000000:A:C	ENSG00000058335	0.00	-50	0.00	-50	0.00	-12	0.00	-50
GRCh38:chr15:80500000:G:T	ENSG00000172379	0.00	-50	0.00	-50	0.00	28	0.00	-50
GRCh38:chr15:83000000:C:G	ENSG00000169609	0.00	-50	0.00	-50	0.00	1	0.00	-50
GRCh38:chr15:83500000:A:C	ENSG00000140600	0.00	-50	0.00	-50	0.00	-45	0.00	-50
GRCh38:chr15:84000000:T:A	ENSG00000156218	0.00	-50	0.00	-50	0.00	19	0.00	-50
GRCh38:chr15:85000000:T:A	ENSG00000073417	0.00	-50	0.00	-50	0.00	31	0.00	-50
GRCh38:chr15:85500000:G:T	ENSG00000170776	0.00	-50	0.00	-50	0.00	-10	0.00	-50
GRCh38:chr15:86500000:A:C	ENSG00000273540	0.00	-50	0.00	-50	0.00	3	0.00	-50
GRCh38:chr15:87000000:T:A	ENSG00000273540	0.00	-50	0.00	-50	0.00	-6	0.00	-50
GRCh38:chr15:88000000:C:G	ENSG00000140538	0.00	-50	0.00	-50	0.00	-45	0.00	-50
GRCh38:chr15:88500000:G:T	ENSG00000140543	0.00	-50	0.00	-50	0.00	7	0.00	-50
GRCh38:chr15:88500000:G:T	ENSG00000173867	0.00	-50	0.00	-50	0.00	7	0.00	-50
GRCh38:chr15:90500000:G:T	ENSG00000140575	0.01	7	-0.02	-5	0.01	7	-0.02	-5
GRCh38:chr15:91000000:T:A	ENSG00000184056	0.00	-50	0.00	-50	0.00	4	0.00	-50
GRCh38:chr15:91000000:T:A	ENSG00000284946	0.00	-50	0.00	-50	0.00	4	0.00	-50
GRCh38:chr15:92000000:A:C	ENSG00000176463	0.00	-50	0.00	-50	0.00	28	0.00	-50
GRCh38:chr15:93000000:T:A	ENSG00000173575	0.01	27	0.00	-50	0.01	27	0.00	-50
GRCh38:chr15:99000000:G:T	ENSG00000183571	0.00	-50	0.00	-50	0.00	3	0.00	-50
GRCh38:chr15:100000000:G:T	ENSG00000140470	0.00	-50	0.00	-50	0.00	24	0.00	-50
GRCh38:chr15:100500000:A:C	ENSG00000154227	0.00	-50	0.00	-50	0.00	-47	0.00	-50
GRCh38:chr15:101000000:A:C	ENSG00000154237	0.00	-50	0.00	-50	0.00	3	0.00	-50
GRCh38:chr15:101500000:C:G	ENSG00000140479	0.00	-50	0.00	-50	0.00	2	0.00	-50
GRCh38:chr16:500000:T:A	ENSG00000090565	0.00	-50	0.00	-50	0.00	2	0.00	-50
GRCh38:chr16:1500000:C:G	ENSG00000100726	0.01	-1	0.00	-50	0.01	-1	0.00	-50
GRCh38:chr16:2000000:C:G	ENSG00000167962	0.13	4	0.00	-50	0.13	4	0.00	-50
GRCh38:chr16:2500000:C:G	ENSG00000162065	0.00	-50	0.00	-50	0.00	-4	0.00	-50
GRCh38:chr16:2500000:C:G	ENSG00000260272	0.00	-50	0.00	-50	0.00	-4	0.00	-50
GRCh38:chr16:3000000:T:A	ENSG00000262152	0.00	-50	0.00	-50	0.00	2	0.00	-50
GRCh38:chr16:4000000:A:C	ENSG00000162104	0.00	-50	0.00	-50	0.00	10	0.00	-50
GRCh38:chr16:4500000:C:G	ENSG00000103415	0.00	-50	0.00	-50	0.00	3	0.00	-50
GRCh38:chr16:5000000:A:C	ENSG00000103184	0.00	-50	0.00	-50	0.00	-4	0.00	-50
GRCh38:chr16:5500000:T:A	ENSG00000078328	0.00	-50	0.00	-50	0.00	6	0.00	-50
GRCh38:chr16:6000000:T:A	ENSG00000078328	0.00	-50	0.00	-50	0.00	0	0.00	-50
GRCh38:chr16:6500000:T:A	ENSG00000078328	0.00	-50	0.00	-50	0.00	2	0.00	-50
GRCh38:chr16:7000000:A:C	ENSG00000078328	0.02	-41	0.00	-50	0.02	-41	0.00	-49
GRCh38:chr16:7500000:C:G	ENSG00000078328	0.00	-50	0.00	-50	0.00	3	0.00	-50
GRCh38:chr16:10000000:G:T	ENSG00000183454	0.00	-50	0.00	-50	0.00	-8	0.00	-50
GRCh38:chr16:11000000:C:G	ENSG00000038532	0.12	-1	0.00	-50	0.12	-1	0.00	-49
GRCh38:chr16:11500000:A:C	ENSG00000188897	0.00	-50	0.00	-50	0.00	3	0.00	-49
GRCh38:chr16:12000000:T:A	ENSG00000048471	0.04	-37	0.00	-50	0.04	-37	0.00	-50
GRCh38:chr16:12500000:A:C	ENSG00000048471	0.01	13	0.00	-50	0.01	13	0.00	-50
GRCh38:chr16:13000000:T:A	ENSG00000237515	0.00	-50	0.00	-50	0.00	-26	0.00	-50
GRCh38:chr16:14500000:A:C	ENSG00000140694	0.00	-50	0.00	-50	0.00	4	0.00	-50
GRCh38:chr16:15000000:G:T	ENSG00000179889	0.00	-50	0.00	-50	0.00	28	0.00	-49
GRCh38:chr16:15500000:G:T	ENSG00000166780	0.00	-50	0.00	-50	0.00	14	0.00	-50
GRCh38:chr16:15500000:G:T	ENSG00000261130	0.00	-50	0.00	-50	0.00	14	0.00	-50
GRCh38:chr16:16000000:G:T	ENSG00000103222	0.00	-50	0.00	-50	0.00	-33	0.00	-50
GRCh38:chr16:19000000:T:A	ENSG00000170537	0.00	-50	0.00	-50	0.00	17	0.00	-50
GRCh38:chr16:21000000:A:C	ENSG00000158486	0.00	-50	0.00	-50	0.00	-1	0.00	-50
GRCh38:chr16:22000000:C:G	ENSG00000155714	0.00	-50	0.00	-50	0.00	-1	0.00	-50
GRCh38:chr16:22500000:C:G	ENSG00000243716	0.00	-50	0.00	-50	0.00	33	0.00	-50
GRCh38:chr16:23500000:G:T	ENSG00000103365	0.00	-50	0.00	-50	0.00	-5	0.00	-50
GRCh38:chr16:24000000:T:A	ENSG00000166501	0.00	-50	0.00	-50	0.00	22	0.00	-50
GRCh38:chr16:25000000:G:T	ENSG00000140750	0.00	-50	0.00	-50	0.00	-7	0.00	-50
GRCh38:chr16:26000000:A:C	ENSG00000182601	0.01	9	0.00	-50	0.01	9	0.00	-48
GRCh38:chr16:27500000:T:A	ENSG00000077235	0.00	-50	0.00	-50	0.00	-1	0.00	-50
GRCh38:chr16:28000000:A:C	ENSG00000169181	0.00	-50	0.00	-50	0.00	2	0.00	-50
GRCh38:chr16:28500000:G:T	ENSG00000197272	0.00	-50	0.00	-50	0.00	-2	0.00	-50
GRCh38:chr16:29500000:G:T	ENSG00000169203	0.00	-50	0.00	-50	0.00	0	0.00	-50
GRCh38:chr16:30000000:G:T	ENSG00000169592	0.04	-1	0.00	-50	0.04	-1	0.00	-50
GRCh38:chr16:30500000:T:A	ENSG00000005844	0.00	-50	0.00	-50	0.00	0	0.00	-50
GRCh38:chr16:31000000:C:G	ENSG00000099365	0.00	-50	0.00	-50	0.00	3	0.00	-50
GRCh38:chr16:31500000:G:T	ENSG00000140688	0.00	-50	0.00	-50	0.00	-19	0.00	-50
GRCh38:chr16:47500000:G:T	ENSG00000102893	0.00	-50	0.00	-50	0.00	-8	0.00	-50
GRCh38:chr16:49500000:C:G	ENSG00000102935	0.03	7	0.00	-50	0.03	7	0.00	-50
GRCh38:chr16:52500000:G:T	ENSG00000103460	0.00	-50	0.00	-50	0.00	-29	0.00	-49
GRCh38:chr16:53500000:C:G	ENSG00000166971	0.00	-50	0.00	-50	0.00	1	0.00	-50
GRCh38:chr16:54000000:T:A	ENSG00000140718	0.01	-24	0.00	-50	0.01	-24	0.00	-50
GRCh38:chr16:55500000:T:A	ENSG00000087245	0.00	-50	0.00	-50	0.00	11	0.00	-50
GRCh38:chr16:56500000:T:A	ENSG00000125124	0.00	-50	0.00	-50	0.00	-9	0.00	-50
GRCh38:chr16:56500000:T:A	ENSG00000288725	0.00	-50	0.00	-50	0.00	-9	0.00	-50
GRCh38:chr16:57000000:G:T	ENSG00000140853	0.00	-50	0.00	-50	0.00	-1	0.00	-45
GRCh38:chr16:58000000:G:T	ENSG00000103005	0.00	-50	0.00	-50	0.00	-39	0.00	-50
GRCh38:chr16:58000000:G:T	ENSG00000166188	0.00	-50	0.00	-50	0.00	1	0.00	-50
GRCh38:chr16:58500000:G:T	ENSG00000103034	0.00	-50	0.00	-50	0.00	23	0.00	-50
GRCh38:chr16:62000000:C:G	ENSG00000150394	0.01	-17	0.00	-50	0.01	-17	0.00	-50
GRCh38:chr16:65000000:A:C	ENSG00000140937	0.00	-50	0.00	-50	0.00	-6	0.00	-50
GRCh38:chr16:66500000:G:T	ENSG00000260851	0.00	-50	0.00	-50	0.00	4	0.00	-50
GRCh38:chr16:67000000:A:C	ENSG00000172824	0.00	-50	0.00	-50	0.00	3	0.00	-50
GRCh38:chr16:68000000:T:A	ENSG00000167261	0.00	-50	0.00	-50	0.00	-12	0.00	-50
GRCh38:chr16:68000000:T:A	ENSG00000167264	0.01	-26	0.00	-50	0.01	-26	0.00	-49
GRCh38:chr16:69000000:C:G	ENSG00000103047	0.00	-50	0.00	-50	0.00	5	0.00	-48
GRCh38:chr16:70500000:A:C	ENSG00000103051	0.00	-50	0.00	-50	0.00	-42	0.00	-50
GRCh38:chr16:71000000:T:A	ENSG00000157423	0.00	-50	0.00	-50	0.00	2	0.00	-50
GRCh38:chr16:71500000:C:G	ENSG00000157429	0.01	1	0.00	-50	0.01	1	0.00	-50
GRCh38:chr16:72000000:A:C	ENSG00000277481	0.00	-50	0.00	-50	0.00	30	0.00	-50
GRCh38:chr16:73000000:A:C	ENSG00000140836	0.00	-50	0.00	-50	0.00	-41	0.00	-50
GRCh38:chr16:73500000:A:C	ENSG00000140836	0.01	1	0.00	-50	0.01	1	0.00	-50
GRCh38:chr16:74500000:C:G	ENSG00000090863	0.00	-50	0.00	-50	0.00	-11	0.00	-50
GRCh38:chr16:75000000:A:C	ENSG00000103091	0.04	23	0.00	-50	0.04	23	0.00	-50
GRCh38:chr16:75000000:A:C	ENSG00000186187	0.00	-50	0.00	-50	0.00	7	0.00	-50
GRCh38:chr16:76500000:C:G	ENSG00000152910	0.00	-50	0.00	-50	0.00	10	0.00	-50
GRCh38:chr16:76500000:C:G	ENSG00000287694	0.00	-50	0.00	-50	0.00	10	0.00	-50
GRCh38:chr16:78500000:A:C	ENSG00000186153	0.00	-50	0.00	-50	0.00	-17	0.00	-50
GRCh38:chr16:79000000:T:A	ENSG00000186153	0.00	-50	0.00	-50	0.00	-28	0.00	-50
GRCh38:chr16:81000000:T:A	ENSG00000103121	0.00	-50	0.00	-50	0.00	-16	0.00	-50
GRCh38:chr16:81000000:T:A	ENSG00000286221	0.00	-50	0.00	-50	0.00	-16	0.00	-50
GRCh38:chr16:81500000:A:C	ENSG00000153815	0.00	-50	0.00	-50	0.00	31	0.00	-50
GRCh38:chr16:82000000:A:C	ENSG00000184860	0.01	46	0.00	-50	0.01	46	0.00	-50
GRCh38:chr16:83000000:T:A	ENSG00000140945	0.00	-50	0.00	-50	0.00	2	0.00	-50
GRCh38:chr16:83500000:A:C	ENSG00000140945	0.00	-50	0.00	-50	0.00	16	0.00	-50
GRCh38:chr16:84000000:C:G	ENSG00000103154	0.00	-50	0.00	-50	0.00	-2	0.00	-50
GRCh38:chr16:84500000:G:T	ENSG00000140950	0.06	35	0.00	-50	0.06	35	0.00	-50
GRCh38:chr16:85000000:T:A	ENSG00000153786	0.00	-50	0.00	-50	0.00	-2	0.00	-49
GRCh38:chr16:85500000:C:G	ENSG00000131149	0.00	-50	0.00	-50	0.00	-43	0.00	-50
GRCh38:chr16:88000000:C:G	ENSG00000172530	0.00	-50	0.00	-50	0.00	35	0.00	-50
GRCh38:chr16:88500000:G:T	ENSG00000179588	0.00	-50	0.00	-50	0.00	20	0.00	-50
GRCh38:chr16:89500000:C:G	ENSG00000197912	0.00	-50	0.00	-50	0.00	37	0.00	-50
GRCh38:chr17:1000000:A:C	ENSG00000177370	0.00	-50	0.00	-50	0.00	26	0.00	-50
GRCh38:chr17:1500000:T:A	ENSG00000132376	0.00	-50	0.00	-50	0.00	-6	0.00	-50
GRCh38:chr17:2000000:T:A	ENSG00000185924	0.00	-50	0.00	-50	0.00	-2	0.00	-50
GRCh38:chr17:2500000:C:G	ENSG00000127804	0.00	-50	0.00	-50	0.00	-38	0.00	-49
GRCh38:chr17:3000000:T:A	ENSG00000132359	0.00	-50	0.00	-50	0.00	-27	0.00	-50
GRCh38:chr17:3500000:A:C	ENSG00000108381	0.00	-50	0.00	-50	0.00	12	0.00	-50
GRCh38:chr17:3500000:A:C	ENSG00000141255	0.00	-50	0.00	-50	0.00	30	0.00	-50
GRCh38:chr17:4500000:G:T	ENSG00000183018	0.00	-50	0.00	-50	0.00	-20	0.00	-50
GRCh38:chr17:5000000:C:G	ENSG00000129250	0.00	-50	0.00	-50	0.00	10	0.00	-50
GRCh38:chr17:5500000:G:T	ENSG00000091592	0.00	-50	0.00	-50	0.00	-6	0.00	-50
GRCh38:chr17:5500000:G:T	ENSG00000286190	0.00	-50	0.00	-50	0.00	-6	0.00	31
GRCh38:chr17:6000000:G:T	ENSG00000285471	0.00	-50	0.00	-50	0.00	15	0.00	-50
GRCh38:chr17:6500000:G:T	ENSG00000091622	0.00	-50	0.00	-50	0.00	2	0.00	-50
GRCh38:chr17:7000000:A:C	ENSG00000108839	0.00	-50	0.00	-50	0.00	5	0.00	-50
GRCh38:chr17:7500000:C:G	ENSG00000181222	0.00	-50	0.00	-50	0.00	2	0.00	-50
GRCh38:chr17:8500000:T:A	ENSG00000133026	0.00	-50	0.00	-50	0.00	-1	0.00	-50
GRCh38:chr17:9500000:G:T	ENSG00000170310	0.00	-50	0.00	-50	0.00	3	0.00	-50
GRCh38:chr17:10000000:A:C	ENSG00000007237	0.00	-50	0.00	-50	0.00	30	0.00	-50
GRCh38:chr17:10500000:T:A	ENSG00000109061	0.00	-50	0.00	-50	0.00	24	0.00	-50
GRCh38:chr17:11500000:C:G	ENSG00000188803	0.00	-50	0.00	-50	0.00	-21	0.00	-49
GRCh38:chr17:13000000:G:T	ENSG00000006744	0.00	-50	0.00	-50	0.00	-1	0.00	-50
GRCh38:chr17:13500000:C:G	ENSG00000153976	0.00	-50	0.00	-50	0.00	-6	0.00	-50
GRCh38:chr17:15500000:A:C	ENSG00000239704	0.00	-50	0.00	-50	0.00	3	0.00	-50
GRCh38:chr17:15500000:A:C	ENSG00000259024	0.00	-50	0.00	-50	0.00	3	0.00	-50
GRCh38:chr17:16000000:G:T	ENSG00000011295	0.00	-50	0.00	-50	0.00	-2	0.00	-50
GRCh38:chr17:18000000:C:G	ENSG00000171953	0.00	-50	0.00	-50	0.00	1	0.00	-50
GRCh38:chr17:18000000:C:G	ENSG00000171962	0.00	-50	0.00	-50	0.00	1	0.00	-50
GRCh38:chr17:19000000:C:G	ENSG00000154025	0.06	0	0.00	-50	0.06	0	0.00	-50
GRCh38:chr17:19000000:C:G	ENSG00000188522	0.00	-50	0.00	-50	0.00	-1	0.00	-50
GRCh38:chr17:19500000:C:G	ENSG00000142494	0.00	-50	0.00	-50	0.00	23	0.00	-50
GRCh38:chr17:21000000:C:G	ENSG00000124422	0.01	41	0.00	-50	0.01	41	0.00	-50
GRCh38:chr17:27500000:C:G	ENSG00000141068	0.00	-50	0.00	-50	0.00	-4	0.00	-50
GRCh38:chr17:28500000:T:A	ENSG00000258472	0.00	-50	0.00	-50	0.00	-2	0.00	-50
GRCh38:chr17:29000000:T:A	ENSG00000063015	0.00	-50	0.00	-50	0.00	0	0.00	-50
GRCh38:chr17:29000000:T:A	ENSG00000179761	0.00	-50	0.00	-50	0.00	-5	0.00	-50
GRCh38:chr17:29500000:T:A	ENSG00000160551	0.00	-50	0.00	-50	0.00	-11	0.00	-47
GRCh38:chr17:30000000:T:A	ENSG00000176927	0.01	-3	-0.02	-24	0.01	-3	-0.02	-24
GRCh38:chr17:30500000:T:A	ENSG00000108587	0.00	-50	0.00	-50	0.00	2	0.00	-50
GRCh38:chr17:31500000:C:G	ENSG00000131242	0.11	-15	0.00	-50	0.11	-15	0.00	-50
GRCh38:chr17:32000000:A:C	ENSG00000178691	0.00	-50	0.00	-50	0.00	23	0.00	-50
GRCh38:chr17:32500000:A:C	ENSG00000176658	0.00	-50	0.00	-50	0.00	3	0.00	-49
GRCh38:chr17:33500000:T:A	ENSG00000108684	0.00	-50	0.00	-50	0.00	2	0.00	-50
GRCh38:chr17:34000000:T:A	ENSG00000108684	0.00	-50	0.00	-50	0.00	-25	0.00	-50
GRCh38:chr17:35000000:C:G	ENSG00000005156	0.00	-50	0.00	-50	0.00	4	0.00	-50
GRCh38:chr17:36000000:A:C	ENSG00000275688	0.00	-50	0.00	-50	0.00	-3	0.00	-50
GRCh38:chr17:36000000:A:C	ENSG00000275718	0.00	-50	0.00	-50	0.00	-3	0.00	-50
GRCh38:chr17:36500000:A:C	ENSG00000278259	0.00	-50	0.00	-50	0.00	-1	0.00	-50
GRCh38:chr17:37000000:G:T	ENSG00000275700	0.00	-50	0.00	-50	0.00	-1	0.00	-50
GRCh38:chr17:37500000:G:T	ENSG00000276023	0.06	-29	0.00	-50	0.06	-29	0.00	-50
GRCh38:chr17:38500000:C:G	ENSG00000275832	0.00	-50	0.00	-50	0.00	20	0.00	-50
GRCh38:chr17:39500000:C:G	ENSG00000167258	0.01	-30	0.00	-50	0.01	-1	0.00	-50
GRCh38:chr17:40500000:G:T	ENSG00000131746	0.00	-50	0.00	-50	0.00	-8	0.00	-50
GRCh38:chr17:42000000:G:T	ENSG00000168259	0.00	-50	0.00	-50	0.00	2	0.00	-50
GRCh38:chr17:42500000:C:G	ENSG00000033627	0.00	-50	0.00	-50	0.00	-24	0.00	-50
GRCh38:chr17:43000000:C:G	ENSG00000131469	0.00	-50	0.00	-50	0.00	-45	0.00	-50
GRCh38:chr17:43500000:C:G	ENSG00000067596	0.01	-5	0.00	-50	0.01	-5	0.00	-44
GRCh38:chr17:44000000:A:C	ENSG00000131096	0.00	-50	0.00	-50	0.00	2	0.00	-50
GRCh38:chr17:44500000:A:C	ENSG00000186566	0.00	-50	0.00	-50	0.00	-16	0.00	-50
GRCh38:chr17:45000000:A:C	ENSG00000136448	0.00	-50	0.00	-50	0.00	-3	0.00	-50
GRCh38:chr17:46000000:A:C	ENSG00000186868	0.00	-50	0.00	-50	0.00	2	0.00	-50
GRCh38:chr17:47000000:A:C	ENSG00000262633	0.00	-50	0.00	-50	0.00	-3	0.00	-50
GRCh38:chr17:49000000:A:C	ENSG00000159217	0.00	-50	0.00	-50	0.00	-23	0.00	-50
GRCh38:chr17:49500000:A:C	ENSG00000064300	0.00	-50	0.00	-50	0.00	0	0.00	-49
GRCh38:chr17:51000000:A:C	ENSG00000008294	0.00	-50	0.00	-50	0.00	-10	0.00	-50
GRCh38:chr17:52000000:T:A	ENSG00000154975	0.00	-50	0.00	-50	0.00	0	0.00	-50
GRCh38:chr17:55000000:G:T	ENSG00000166263	0.00	-50	0.00	-50	0.00	1	0.00	-49
GRCh38:chr17:55500000:C:G	ENSG00000261873	0.01	-7	0.00	-50	0.01	-7	0.00	-50
GRCh38:chr17:56000000:T:A	ENSG00000153930	0.00	-50	0.00	-50	0.00	13	0.00	-50
GRCh38:chr17:56500000:G:T	ENSG00000153930	0.00	-50	0.00	-50	0.00	-1	0.00	-50
GRCh38:chr17:57000000:A:C	ENSG00000121064	0.00	-50	0.00	-50	0.00	1	0.00	-50
GRCh38:chr17:57500000:C:G	ENSG00000153944	0.00	-50	0.00	-50	0.00	-17	0.00	-50
GRCh38:chr17:58000000:C:G	ENSG00000266086	0.01	-27	0.00	-50	0.01	39	0.00	-50
GRCh38:chr17:58500000:T:A	ENSG00000108389	0.00	-50	0.00	-50	0.00	-2	0.00	-50
GRCh38:chr17:59000000:A:C	ENSG00000108395	0.07	-1	0.00	-50	0.07	-1	0.00	-50
GRCh38:chr17:60500000:A:C	ENSG00000062725	0.00	-50	0.00	-50	0.00	-1	0.00	-50
GRCh38:chr17:61000000:G:T	ENSG00000141376	0.00	-50	0.00	-50	0.00	-3	0.00	-50
GRCh38:chr17:62000000:T:A	ENSG00000108510	0.00	-50	0.00	-50	0.00	-4	0.00	-50
GRCh38:chr17:62500000:T:A	ENSG00000146872	0.00	-50	0.00	-50	0.00	7	0.00	-50
GRCh38:chr17:63500000:G:T	ENSG00000264813	0.00	-50	0.00	-50	0.00	2	0.00	-50
GRCh38:chr17:64000000:A:C	ENSG00000224383	0.01	-29	0.00	-50	0.01	-29	0.00	-50
GRCh38:chr17:64500000:G:T	ENSG00000108654	0.00	-50	0.00	-50	0.00	6	0.00	-50
GRCh38:chr17:66000000:T:A	ENSG00000154240	0.00	-50	0.00	-50	0.00	33	0.00	-50
GRCh38:chr17:66500000:A:C	ENSG00000154229	0.00	-50	0.00	-50	0.00	1	0.00	-50
GRCh38:chr17:67000000:A:C	ENSG00000075461	0.00	-50	0.00	-50	0.00	-23	0.00	-50
GRCh38:chr17:67500000:G:T	ENSG00000154217	0.00	-50	0.00	-50	0.00	-1	0.00	-50
GRCh38:chr17:69000000:G:T	ENSG00000154258	0.00	-50	0.00	-50	0.00	-35	0.00	-50
GRCh38:chr17:69500000:A:C	ENSG00000108984	0.00	-50	0.00	-50	0.00	12	0.00	-50
GRCh38:chr17:73000000:C:G	ENSG00000133195	0.00	-50	0.00	-50	0.00	-1	0.00	-50
GRCh38:chr17:73500000:G:T	ENSG00000069188	0.00	-50	0.00	-50	0.00	-8	0.00	-50
GRCh38:chr17:75000000:T:A	ENSG00000109089	0.00	-50	0.00	-50	0.00	2	0.00	-50
GRCh38:chr17:75500000:T:A	ENSG00000177728	0.01	-3	0.00	-50	0.01	-3	0.00	-50
GRCh38:chr17:76000000:G:T	ENSG00000257949	0.02	46	0.00	-50	0.02	46	0.00	-50
GRCh38:chr17:76000000:G:T	ENSG00000261408	0.02	46	0.00	-50	0.02	46	0.00	-50
GRCh38:chr17:76500000:C:G	ENSG00000129667	0.00	-50	0.00	-50	0.00	4	0.00	-50
GRCh38:chr17:77500000:A:C	ENSG00000184640	0.00	-50	0.00	-50	0.00	-8	0.00	-50
GRCh38:chr17:78000000:T:A	ENSG00000078687	0.00	-50	0.00	-50	0.00	-26	0.00	-49
GRCh38:chr17:78500000:T:A	ENSG00000187775	0.00	-50	0.00	-50	0.00	-5	0.00	-50
GRCh38:chr17:79000000:T:A	ENSG00000171302	0.00	-50	0.00	-50	0.00	-3	0.00	-50
GRCh38:chr17:79500000:G:T	ENSG00000167281	0.00	-50	0.00	-50	0.00	-42	0.00	-50
GRCh38:chr17:80000000:C:G	ENSG00000167291	0.01	-1	0.00	-50	0.01	-1	0.00	-50
GRCh38:chr17:81000000:G:T	ENSG00000176108	0.10	6	0.00	-50	0.10	6	0.00	-50
GRCh38:chr17:82000000:T:A	ENSG00000169696	0.03	-13	0.00	-50	0.03	-13	0.00	-49
GRCh38:chr17:83000000:T:A	ENSG00000175711	0.00	-50	0.00	-50	0.00	-1	0.00	-49
GRCh38:chr18:500000:T:A	ENSG00000158270	0.00	-50	0.00	-50	0.00	-5	0.00	-50
GRCh38:chr18:3000000:G:T	ENSG00000101577	0.01	-24	0.00	-50	0.01	-24	0.00	-50
GRCh38:chr18:3500000:T:A	ENSG00000170579	0.00	-50	0.00	-50	0.00	12	0.00	-50
GRCh38:chr18:4000000:A:C	ENSG00000170579	0.00	-50	0.00	-50	0.00	2	0.00	-50
GRCh38:chr18:5500000:G:T	ENSG00000082397	0.00	-50	0.00	-50	0.00	-6	0.00	-50
GRCh38:chr18:6000000:G:T	ENSG00000154655	0.00	-50	0.00	-50	0.00	-34	0.00	-50
GRCh38:chr18:7000000:G:T	ENSG00000101680	0.04	-9	-0.44	-3	0.04	-9	-0.44	-3
GRCh38:chr18:8000000:A:C	ENSG00000173482	0.00	-50	0.00	-50	0.00	2	0.00	-50
GRCh38:chr18:9500000:T:A	ENSG00000017797	0.00	-50	0.00	-50	0.00	-13	0.00	-48
GRCh38:chr18:11000000:T:A	ENSG00000154864	0.00	-50	0.00	-50	0.00	-5	0.00	-50
GRCh38:chr18:12000000:A:C	ENSG00000141401	0.00	-50	0.00	-50	0.00	-8	0.00	-50
GRCh38:chr18:12500000:A:C	ENSG00000134278	0.00	-50	0.00	-50	0.00	-5	0.00	-50
GRCh38:chr18:13000000:A:C	ENSG00000101639	0.00	-50	0.00	-50	0.00	14	0.00	-50
GRCh38:chr18:13500000:G:T	ENSG00000168675	0.00	-50	0.00	-50	0.00	21	0.00	-50
GRCh38:chr18:21000000:T:A	ENSG00000067900	0.00	-50	0.00	-50	0.00	6	0.00	-50
GRCh38:chr18:21500000:C:G	ENSG00000141449	0.00	-50	0.00	-50	0.00	47	0.00	-49
GRCh38:chr18:23000000:T:A	ENSG00000101773	0.00	-50	0.00	-50	0.00	38	0.00	-50
GRCh38:chr18:24000000:T:A	ENSG00000168234	0.00	-50	0.00	-50	0.00	-2	0.00	-50
GRCh38:chr18:26500000:C:G	ENSG00000134504	0.02	20	0.00	-50	0.02	20	0.00	-50
GRCh38:chr18:27000000:G:T	ENSG00000154080	0.00	-50	0.00	-50	0.00	9	0.00	-50
GRCh38:chr18:28000000:C:G	ENSG00000170558	0.01	-21	0.00	-50	0.01	-21	0.00	-50
GRCh38:chr18:31000000:A:C	ENSG00000134762	0.00	-50	0.00	-50	0.00	-20	0.00	-50
GRCh38:chr18:31500000:T:A	ENSG00000046604	0.00	-50	0.00	-50	0.00	34	0.00	-50
GRCh38:chr18:33000000:G:T	ENSG00000166960	0.00	-50	0.00	-50	0.00	-6	0.00	-50
GRCh38:chr18:34000000:A:C	ENSG00000101746	0.00	-50	0.00	-50	0.00	-6	0.00	-50
GRCh38:chr18:34500000:C:G	ENSG00000134769	0.00	-50	0.00	-50	0.00	6	0.00	-50
GRCh38:chr18:35000000:C:G	ENSG00000166974	0.00	-50	0.00	-50	0.00	2	0.00	-50
GRCh38:chr18:36000000:A:C	ENSG00000141425	0.01	-1	0.00	-50	0.01	-1	0.00	-50
GRCh38:chr18:36500000:A:C	ENSG00000134775	0.00	-50	0.00	-50	0.00	1	0.00	-50
GRCh38:chr18:37000000:T:A	ENSG00000150477	0.00	-50	0.00	-50	0.00	2	0.00	-50
GRCh38:chr18:37500000:T:A	ENSG00000101489	0.00	-50	0.00	-50	0.00	-6	0.00	-50
GRCh38:chr18:42000000:G:T	ENSG00000078142	0.00	-50	0.00	-50	0.00	-22	0.00	-50
GRCh38:chr18:43000000:G:T	ENSG00000152214	0.00	-50	0.00	-50	0.00	49	0.00	-50
GRCh38:chr18:45000000:T:A	ENSG00000152217	0.01	-5	0.00	-50	0.01	-5	0.00	-49
GRCh38:chr18:45500000:A:C	ENSG00000132874	0.01	37	0.00	-50	0.01	37	0.00	-49
GRCh38:chr18:46000000:A:C	ENSG00000152229	0.00	-50	0.00	-50	0.00	0	0.00	-50
GRCh38:chr18:46500000:C:G	ENSG00000167210	0.00	-50	0.00	-50	0.00	-20	0.00	-50
GRCh38:chr18:50000000:A:C	ENSG00000167306	0.00	-50	0.00	-50	0.00	48	0.00	-50
GRCh38:chr18:51000000:T:A	ENSG00000267699	0.00	-50	0.00	-50	0.00	15	0.00	-49
GRCh38:chr18:52500000:C:G	ENSG00000187323	0.00	-50	0.00	-50	0.00	49	0.00	-50
GRCh38:chr18:53000000:G:T	ENSG00000187323	0.00	-50	0.00	-50	0.00	-50	0.00	-50
GRCh38:chr18:53500000:C:G	ENSG00000187323	0.01	-23	0.00	-50	0.01	-23	0.00	-50
GRCh38:chr18:55500000:T:A	ENSG00000196628	0.00	-50	0.00	-50	0.00	0	0.00	-50
GRCh38:chr18:57000000:A:C	ENSG00000091157	0.00	-50	0.00	-50	0.00	-8	0.00	-50
GRCh38:chr18:58500000:G:T	ENSG00000198796	0.00	-50	0.00	-50	0.00	-1	0.00	-50
GRCh38:chr18:59500000:A:C	ENSG00000183287	0.00	-50	0.00	-50	0.00	-6	0.00	-50
GRCh38:chr18:61500000:A:C	ENSG00000101542	0.00	-50	0.00	-50	0.00	18	0.00	-50
GRCh38:chr18:62000000:T:A	ENSG00000197563	0.00	-50	0.00	-50	0.00	1	0.00	-50
GRCh38:chr18:63500000:T:A	ENSG00000206075	0.00	-50	0.00	-50	0.00	33	0.00	-48
GRCh38:chr18:64000000:A:C	ENSG00000166401	0.00	-50	0.00	-50	0.00	1	0.00	-50
GRCh38:chr18:69000000:T:A	ENSG00000150636	0.01	-20	0.00	-50	0.01	-20	0.00	-50
GRCh38:chr18:69500000:T:A	ENSG00000206052	0.00	-50	0.00	-50	0.00	-6	0.00	-50
GRCh38:chr18:74500000:G:T	ENSG00000133313	0.01	8	-0.04	33	0.01	8	-0.04	33
GRCh38:chr18:75000000:A:C	ENSG00000215421	0.00	-50	0.00	-50	0.00	12	0.00	-50
GRCh38:chr18:77000000:A:C	ENSG00000197971	0.00	-50	0.00	-50	0.00	-6	0.00	-50
GRCh38:chr18:79000000:A:C	ENSG00000256463	0.00	-50	0.00	-50	0.00	3	0.00	-50
GRCh38:chr18:79500000:G:T	ENSG00000131196	0.00	-50	0.00	-50	0.00	18	0.00	-50
GRCh38:chr18:80000000:T:A	ENSG00000141759	0.00	-50	0.00	-50	0.00	-4	0.00	-48
GRCh38:chr19:500000:G:T	ENSG00000099866	0.00	-50	0.00	-50	0.00	-4	0.00	-50
GRCh38:chr19:2000000:A:C	ENSG00000133243	0.00	-50	0.00	-50	0.00	4	0.00	-50
GRCh38:chr19:3000000:T:A	ENSG00000065717	0.00	-50	0.00	-50	0.00	5	0.00	-49
GRCh38:chr19:3500000:T:A	ENSG00000129932	0.00	-50	0.00	-50	0.00	-20	0.00	-50
GRCh38:chr19:4500000:G:T	ENSG00000167674	0.00	-50	0.00	-50	0.00	-1	0.00	-50
GRCh38:chr19:5000000:C:G	ENSG00000127663	0.00	-50	0.00	-50	0.00	13	0.00	-50
GRCh38:chr19:6000000:T:A	ENSG00000087903	0.00	-50	0.00	-50	0.00	-2	0.00	-50
GRCh38:chr19:6500000:A:C	ENSG00000104833	0.00	-50	0.00	-50	0.00	-32	0.00	-50
GRCh38:chr19:7500000:C:G	ENSG00000198723	0.00	-50	0.00	-50	0.00	4	0.00	-50
GRCh38:chr19:8000000:C:G	ENSG00000066044	0.00	-50	0.00	-50	0.00	-41	0.00	-50
GRCh38:chr19:8500000:T:A	ENSG00000133246	0.00	-50	0.00	-50	0.00	2	0.00	-50
GRCh38:chr19:10000000:T:A	ENSG00000080573	0.00	-50	0.00	-50	0.00	17	0.00	-50
GRCh38:chr19:10500000:C:G	ENSG00000079999	0.00	-50	0.00	-50	0.00	-27	0.00	-50
GRCh38:chr19:11000000:C:G	ENSG00000127616	0.00	-50	0.00	-50	0.00	-6	0.00	-49
GRCh38:chr19:11500000:C:G	ENSG00000161914	0.00	-50	0.00	-50	0.00	13	0.00	-50
GRCh38:chr19:11500000:C:G	ENSG00000267477	0.00	-50	0.00	-50	0.00	13	0.00	-50
GRCh38:chr19:12000000:A:C	ENSG00000286098	0.00	-50	0.00	-50	0.00	0	0.00	-50
GRCh38:chr19:12500000:G:T	ENSG00000196826	0.00	-50	0.00	-50	0.00	-14	0.00	-50
GRCh38:chr19:12500000:G:T	ENSG00000242852	0.00	-50	0.00	-50	0.00	-14	0.00	-50
GRCh38:chr19:13000000:G:T	ENSG00000008441	0.00	-50	0.00	-50	0.00	0	0.00	-50
GRCh38:chr19:13500000:T:A	ENSG00000141837	0.00	-50	0.00	-50	0.00	-3	0.00	-50
GRCh38:chr19:14000000:T:A	ENSG00000132005	0.00	-50	0.00	-50	0.00	-9	0.00	-50
GRCh38:chr19:15000000:C:G	ENSG00000105143	0.00	-50	0.00	-50	0.00	4	0.00	-50
GRCh38:chr19:16500000:A:C	ENSG00000105072	0.00	-50	0.00	-50	0.00	3	0.00	-50
GRCh38:chr19:16500000:A:C	ENSG00000141979	0.00	-50	0.00	-50	0.00	2	0.00	-47
GRCh38:chr19:17000000:A:C	ENSG00000160111	0.09	11	0.00	-50	0.09	11	0.00	-50
GRCh38:chr19:17500000:G:T	ENSG00000130304	0.00	-50	0.00	-50	0.00	42	0.00	-50
GRCh38:chr19:18000000:C:G	ENSG00000105642	0.00	-50	0.00	-50	0.00	-20	0.00	-50
GRCh38:chr19:18500000:G:T	ENSG00000105656	0.00	-50	0.00	-50	0.00	2	0.00	-50
GRCh38:chr19:19000000:C:G	ENSG00000064607	0.00	-50	0.00	-50	0.00	-33	0.00	-50
GRCh38:chr19:19500000:G:T	ENSG00000167491	0.00	-50	0.00	-50	0.00	-49	0.00	-50
GRCh38:chr19:20000000:C:G	ENSG00000197124	0.00	-50	0.00	-50	0.00	0	0.00	-49
GRCh38:chr19:21500000:T:A	ENSG00000197013	0.00	-50	0.00	-50	0.00	-2	0.00	-50
GRCh38:chr19:22000000:G:T	ENSG00000160321	0.00	-50	0.00	-50	0.00	-31	0.00	-50
GRCh38:chr19:22500000:C:G	ENSG00000197360	0.01	-42	0.00	-50	0.01	-42	0.00	-50
GRCh38:chr19:23000000:T:A	ENSG00000269067	0.00	-50	0.00	-50	0.00	-28	0.00	-48
GRCh38:chr19:30000000:T:A	ENSG00000105176	0.00	-50	0.00	-50	0.00	6	0.00	-50
GRCh38:chr19:30500000:A:C	ENSG00000198597	0.00	-50	0.00	-50	0.00	2	0.00	-48
GRCh38:chr19:33000000:T:A	ENSG00000131941	0.00	-50	0.00	-50	0.00	4	0.00	-50
GRCh38:chr19:33500000:G:T	ENSG00000124299	0.00	-50	0.00	-50	0.00	-32	0.00	-50
GRCh38:chr19:34500000:G:T	ENSG00000142279	0.00	-50	0.00	-50	0.00	36	0.00	-48
GRCh38:chr19:35000000:T:A	ENSG00000089351	0.01	50	0.00	-50	0.01	50	0.00	-50
GRCh38:chr19:35500000:G:T	ENSG00000161249	0.00	-50	0.00	-50	0.00	7	0.00	29
GRCh38:chr19:38000000:G:T	ENSG00000105738	0.00	-50	0.00	-50	0.00	-25	0.00	-50
GRCh38:chr19:38500000:G:T	ENSG00000196218	0.00	-50	0.00	-50	0.00	1	0.00	16
GRCh38:chr19:39000000:G:T	ENSG00000161243	0.00	-50	0.00	-50	0.00	1	0.00	-50
GRCh38:chr19:39500000:T:A	ENSG00000090932	0.00	-50	0.00	-50	0.00	-47	0.00	-50
GRCh38:chr19:40000000:G:T	ENSG00000187187	0.00	-50	0.00	-50	0.00	-38	0.00	-50
GRCh38:chr19:40500000:T:A	ENSG00000160460	0.00	-50	0.00	-50	0.00	-5	0.00	-50
GRCh38:chr19:41000000:T:A	ENSG00000197408	0.00	-50	0.00	-50	0.00	13	0.00	-50
GRCh38:chr19:42000000:G:T	ENSG00000105737	0.00	-50	0.00	-50	0.00	-37	0.00	-50
GRCh38:chr19:43500000:G:T	ENSG00000176531	0.00	-50	0.00	-50	0.00	-20	0.00	-50
GRCh38:chr19:44500000:C:G	ENSG00000167384	0.00	-50	0.00	-50	0.00	31	0.00	-50
GRCh38:chr19:45500000:A:C	ENSG00000213889	0.02	-46	0.00	-50	0.02	-46	0.00	-50
GRCh38:chr19:46000000:T:A	ENSG00000104983	0.00	-50	0.00	-50	0.00	-5	0.00	-50
GRCh38:chr19:47000000:C:G	ENSG00000160007	0.00	-50	0.00	-50	0.00	22	0.00	-50
GRCh38:chr19:47500000:C:G	ENSG00000105402	0.00	-50	0.00	-50	0.00	6	0.00	-50
GRCh38:chr19:48000000:T:A	ENSG00000169393	0.00	-50	0.00	-50	0.00	-35	0.00	-50
GRCh38:chr19:48500000:G:T	ENSG00000142235	0.00	-50	0.00	-50	0.00	-8	0.00	-50
GRCh38:chr19:49000000:T:A	ENSG00000183207	0.00	-50	0.00	-50	0.00	-1	0.00	-50
GRCh38:chr19:50000000:C:G	ENSG00000105053	0.02	8	0.00	-50	0.02	8	0.00	-50
GRCh38:chr19:51000000:G:T	ENSG00000129455	0.00	-50	0.00	-50	0.00	5	0.00	-50
GRCh38:chr19:51000000:G:T	ENSG00000269741	0.09	-4	0.00	-50	0.00	5	0.00	-50
GRCh38:chr19:51500000:G:T	ENSG00000254521	0.01	-20	0.00	-50	0.01	-20	0.00	-50
GRCh38:chr19:52000000:G:T	ENSG00000197619	0.00	-50	0.00	-50	0.00	31	0.00	-49
GRCh38:chr19:52500000:G:T	ENSG00000258405	0.00	-50	0.00	-50	0.00	-10	0.00	-50
GRCh38:chr19:54000000:T:A	ENSG00000130433	0.00	-50	0.00	-50	0.00	8	0.00	-50
GRCh38:chr19:54500000:C:G	ENSG00000167618	0.00	-50	0.00	-50	0.00	-10	0.00	-50
GRCh38:chr19:55000000:G:T	ENSG00000022556	0.00	-50	0.00	-50	0.00	-33	0.00	-50
GRCh38:chr19:55500000:G:T	ENSG00000179954	0.00	-50	0.00	-50	0.00	9	0.00	-50
GRCh38:chr19:56000000:C:G	ENSG00000171487	0.00	-50	0.00	-50	0.00	4	0.00	-50
GRCh38:chr19:57500000:A:C	ENSG00000152439	0.00	-50	0.00	-50	0.00	-5	0.00	-50
GRCh38:chr19:57500000:A:C	ENSG00000268107	0.00	-50	0.00	-50	0.00	-5	0.00	-50
GRCh38:chr19:58000000:G:T	ENSG00000166704	0.00	-50	0.00	-50	0.00	22	0.00	-50
GRCh38:chr19:58500000:A:C	ENSG00000083807	0.00	-50	0.00	-50	0.00	-5	0.00	-50
GRCh38:chr20:500000:T:A	ENSG00000101266	0.00	-50	0.00	-50	0.00	31	0.00	-50
GRCh38:chr20:1000000:C:G	ENSG00000101282	0.00	-50	0.00	-50	0.00	-12	0.00	-49
GRCh38:chr20:2500000:C:G	ENSG00000088876	0.00	-50	0.00	-50	0.00	1	0.00	-50
GRCh38:chr20:2500000:C:G	ENSG00000256566	0.00	-50	0.00	-50	0.00	1	0.00	-50
GRCh38:chr20:3000000:A:C	ENSG00000132670	0.00	-50	0.00	-50	0.00	0	0.00	-50
GRCh38:chr20:3500000:A:C	ENSG00000088812	0.00	-50	0.00	-50	0.00	4	0.00	-50
GRCh38:chr20:4000000:G:T	ENSG00000101236	0.00	-50	0.00	-50	0.00	-2	0.00	-50
GRCh38:chr20:5000000:C:G	ENSG00000089057	0.01	-46	0.00	-50	0.01	-46	0.00	-50
GRCh38:chr20:6000000:T:A	ENSG00000286235	0.00	-50	0.00	-50	0.00	43	0.00	-50
GRCh38:chr20:8000000:G:T	ENSG00000125827	0.00	-50	0.00	-50	0.00	-3	0.00	-50
GRCh38:chr20:8500000:G:T	ENSG00000182621	0.00	-50	0.00	-50	0.00	2	0.00	-50
GRCh38:chr20:10000000:G:T	ENSG00000132623	0.00	-50	0.00	-50	0.00	-2	0.00	-49
GRCh38:chr20:10500000:G:T	ENSG00000149346	0.00	-50	0.00	-50	0.00	1	0.00	-50
GRCh38:chr20:13500000:A:C	ENSG00000089123	0.00	-50	0.00	-50	0.00	-11	0.00	-50
GRCh38:chr20:14000000:A:C	ENSG00000172264	0.00	-50	0.00	-50	0.00	-5	0.00	-50
GRCh38:chr20:14500000:A:C	ENSG00000172264	0.00	-50	0.00	-50	0.00	2	0.00	-50
GRCh38:chr20:15000000:T:A	ENSG00000172264	0.00	-50	0.00	-50	0.00	-18	0.00	-50
GRCh38:chr20:15500000:A:C	ENSG00000172264	0.00	-50	0.00	-50	0.00	26	0.00	-50
GRCh38:chr20:16000000:T:A	ENSG00000172264	0.00	-50	0.00	-50	0.00	-10	0.00	-50
GRCh38:chr20:16500000:A:C	ENSG00000089177	0.00	-50	0.00	-50	0.00	-3	0.00	-50
GRCh38:chr20:17500000:A:C	ENSG00000125864	0.00	-50	0.00	-50	0.00	32	0.00	-49
GRCh38:chr20:18000000:G:T	ENSG00000125850	0.00	-50	0.00	-50	0.00	0	0.00	-50
GRCh38:chr20:19500000:A:C	ENSG00000185052	0.03	12	0.00	-50	0.03	12	0.00	-50
GRCh38:chr20:20000000:T:A	ENSG00000132669	0.00	-50	0.00	-50	0.00	0	0.00	-50
GRCh38:chr20:20500000:C:G	ENSG00000188559	0.00	-50	0.00	-50	0.00	38	0.00	-49
GRCh38:chr20:24500000:T:A	ENSG00000101463	0.00	-50	0.00	-50	0.00	-4	0.00	-50
GRCh38:chr20:25500000:C:G	ENSG00000101004	0.00	-50	0.00	-50	0.00	-13	0.00	-50
GRCh38:chr20:32000000:C:G	ENSG00000260903	0.00	-50	0.00	-50	0.00	-19	0.00	-50
GRCh38:chr20:32500000:G:T	ENSG00000197183	0.00	-50	0.00	-50	0.00	-26	0.00	-50
GRCh38:chr20:33000000:G:T	ENSG00000167098	0.01	39	0.00	-50	0.01	39	0.00	-50
GRCh38:chr20:33500000:C:G	ENSG00000078699	0.00	-50	0.00	-50	0.00	-6	0.00	-50
GRCh38:chr20:34000000:G:T	ENSG00000125970	0.00	-50	0.00	-50	0.00	1	0.00	-49
GRCh38:chr20:34500000:T:A	ENSG00000078747	0.00	-50	0.00	-50	0.00	9	0.00	-50
GRCh38:chr20:35000000:C:G	ENSG00000078814	0.00	-50	0.00	-50	0.00	1	0.00	-50
GRCh38:chr20:35500000:T:A	ENSG00000126001	0.00	-50	0.00	-50	0.00	29	0.00	49
GRCh38:chr20:36000000:T:A	ENSG00000149646	0.00	-50	0.00	-50	0.00	-7	0.00	-50
GRCh38:chr20:37000000:A:C	ENSG00000080839	0.00	-50	0.00	-50	0.00	34	0.00	-50
GRCh38:chr20:37500000:T:A	ENSG00000166619	0.00	-50	0.00	-50	0.00	-3	0.00	-50
GRCh38:chr20:38000000:G:T	ENSG00000101407	0.00	-50	0.00	-50	0.00	-8	0.00	-50
GRCh38:chr20:38500000:T:A	ENSG00000170471	0.00	-50	0.00	-50	0.00	-4	0.00	-50
GRCh38:chr20:39000000:T:A	ENSG00000101452	0.00	-50	0.00	-50	0.00	2	0.00	-50
GRCh38:chr20:41500000:C:G	ENSG00000124177	0.00	-50	0.00	-50	0.00	-2	0.00	-50
GRCh38:chr20:42500000:T:A	ENSG00000196090	0.00	-50	0.00	-50	0.00	1	0.00	-50
GRCh38:chr20:43000000:A:C	ENSG00000196090	0.00	-50	0.00	-50	0.00	-1	0.00	-50
GRCh38:chr20:43500000:A:C	ENSG00000185513	0.00	-50	0.00	-50	0.00	-17	0.00	-50
GRCh38:chr20:43500000:A:C	ENSG00000288000	0.00	-50	0.00	-50	0.00	-17	0.00	-50
GRCh38:chr20:44000000:A:C	ENSG00000124191	0.00	-50	0.00	-50	0.00	3	0.00	-50
GRCh38:chr20:44500000:A:C	ENSG00000132824	0.00	-50	0.00	-50	0.00	3	0.00	-50
GRCh38:chr20:45000000:A:C	ENSG00000101109	0.00	-50	0.00	-50	0.00	5	0.00	-50
GRCh38:chr20:46500000:T:A	ENSG00000198185	0.00	-50	0.00	-50	0.00	-35	0.00	-50
GRCh38:chr20:47000000:G:T	ENSG00000064655	0.03	7	0.00	-50	0.03	7	0.00	-50
GRCh38:chr20:49000000:A:C	ENSG00000124198	0.00	-50	0.00	-50	0.00	18	0.00	-50
GRCh38:chr20:51500000:T:A	ENSG00000101096	0.00	-50	0.00	-50	0.00	-9	0.00	-50
GRCh38:chr20:53000000:T:A	ENSG00000182463	0.00	-50	0.00	-50	0.00	40	0.00	-50
GRCh38:chr20:54000000:G:T	ENSG00000064787	0.00	-50	0.00	-50	0.00	10	0.00	-50
GRCh38:chr20:54500000:T:A	ENSG00000101134	0.00	-50	0.00	-50	0.00	11	0.00	-50
GRCh38:chr20:56000000:A:C	ENSG00000054803	0.00	-50	0.00	-50	0.00	12	0.00	-50
GRCh38:chr20:56500000:T:A	ENSG00000022277	0.00	-50	0.00	-50	0.00	1	0.00	-49
GRCh38:chr20:56500000:T:A	ENSG00000124091	0.00	-50	0.00	-50	0.00	1	0.00	-50
GRCh38:chr20:57500000:C:G	ENSG00000124092	0.00	-50	0.00	-50	0.00	20	0.00	-50
GRCh38:chr20:58500000:A:C	ENSG00000198768	0.00	-50	0.00	-50	0.00	-1	0.00	-48
GRCh38:chr20:59000000:C:G	ENSG00000101160	0.00	-50	0.00	-50	0.00	1	0.00	-50
GRCh38:chr20:60000000:T:A	ENSG00000124215	0.00	-50	0.00	-50	0.00	-16	0.00	-50
GRCh38:chr20:61500000:A:C	ENSG00000179242	0.00	-50	0.00	-50	0.00	2	0.00	-50
GRCh38:chr20:62000000:G:T	ENSG00000130699	0.00	-50	0.00	-50	0.00	1	0.00	-50
GRCh38:chr20:64000000:G:T	ENSG00000101161	0.00	-50	0.00	-50	0.00	-3	0.00	-50
GRCh38:chr21:6500000:T:A	ENSG00000276076	0.00	-50	0.00	-50	0.00	26	0.00	-50
GRCh38:chr21:14500000:T:A	ENSG00000155307	0.00	-50	0.00	-50	0.00	-9	0.00	-50
GRCh38:chr21:15000000:A:C	ENSG00000180530	0.00	-50	0.00	-50	0.00	1	0.00	-50
GRCh38:chr21:18000000:G:T	ENSG00000154645	0.00	-50	0.00	-50	0.00	-3	0.00	-49
GRCh38:chr21:21000000:T:A	ENSG00000154654	0.00	-50	0.00	-50	0.00	0	0.00	-50
GRCh38:chr21:21500000:A:C	ENSG00000154654	0.00	-50	0.00	-50	0.00	-8	0.00	-50
GRCh38:chr21:26000000:G:T	ENSG00000142192	0.00	-50	0.00	-50	0.00	2	0.00	-50
GRCh38:chr21:26500000:T:A	ENSG00000166265	0.00	-50	0.00	-50	0.00	9	0.00	-50
GRCh38:chr21:29500000:C:G	ENSG00000156273	0.00	-50	0.00	-50	0.00	-18	0.00	-50
GRCh38:chr21:31500000:C:G	ENSG00000156299	0.00	-50	0.00	-50	0.00	-3	0.00	-50
GRCh38:chr21:32000000:A:C	ENSG00000142149	0.00	-50	0.00	-50	0.00	-24	0.00	-50
GRCh38:chr21:32500000:T:A	ENSG00000166979	0.00	-50	0.00	-50	0.00	19	0.00	-50
GRCh38:chr21:32500000:T:A	ENSG00000242220	0.10	-10	0.00	-50	0.10	-10	0.00	-50
GRCh38:chr21:32500000:T:A	ENSG00000265590	0.10	-10	0.00	-50	0.10	-10	0.00	-50
GRCh38:chr21:34500000:G:T	ENSG00000180509	0.00	-50	0.00	-50	0.00	3	0.00	-50
GRCh38:chr21:35000000:T:A	ENSG00000159216	0.00	-50	0.00	-50	0.00	-42	0.00	-49
GRCh38:chr21:35500000:A:C	ENSG00000159216	0.00	-50	0.00	-50	0.00	-5	0.00	-48
GRCh38:chr21:36000000:G:T	ENSG00000159216	0.00	-50	0.00	-50	0.00	-12	0.00	-50
GRCh38:chr21:36500000:G:T	ENSG00000159261	0.00	-50	0.00	-50	0.00	0	0.00	-50
GRCh38:chr21:37500000:T:A	ENSG00000157540	0.00	-50	0.00	-50	0.00	12	0.00	-50
GRCh38:chr21:38000000:A:C	ENSG00000157542	0.00	-50	0.00	-50	0.00	-25	0.00	-50
GRCh38:chr21:38500000:C:G	ENSG00000157554	0.06	-3	0.00	-50	0.06	-3	0.00	-50
GRCh38:chr21:39500000:C:G	ENSG00000185437	0.00	-50	0.00	-50	0.00	-23	0.00	-50
GRCh38:chr21:39500000:C:G	ENSG00000285815	0.00	-50	0.00	-50	0.00	-23	0.00	-50
GRCh38:chr21:40500000:C:G	ENSG00000171587	0.00	-50	0.00	-50	0.00	-15	0.00	-50
GRCh38:chr21:41500000:C:G	ENSG00000184012	0.00	-50	0.00	-50	0.00	-19	0.00	-50
GRCh38:chr21:42000000:G:T	ENSG00000173276	0.00	-50	0.00	-50	0.00	0	0.00	-50
GRCh38:chr21:42500000:G:T	ENSG00000160190	0.00	-50	0.00	-50	0.00	-31	0.00	-50
GRCh38:chr21:43000000:C:G	ENSG00000160199	0.00	-50	0.00	-50	0.00	3	0.00	-50
GRCh38:chr21:44500000:C:G	ENSG00000175894	0.00	-50	0.00	-50	0.00	-10	0.00	-50
GRCh38:chr21:45500000:G:T	ENSG00000173638	0.00	-50	0.00	-50	0.00	-7	0.00	-50
GRCh38:chr21:45500000:G:T	ENSG00000182871	0.00	-50	0.00	-50	0.00	-1	0.00	-50
GRCh38:chr21:46000000:G:T	ENSG00000142156	0.00	-50	0.00	-50	0.00	30	0.00	-50
GRCh38:chr21:46500000:T:A	ENSG00000160305	0.00	-50	0.00	-50	0.00	-41	0.00	-50
GRCh38:chr22:17000000:G:T	ENSG00000215568	0.00	-50	0.00	-50	0.00	-2	0.00	-50
GRCh38:chr22:17500000:A:C	ENSG00000099954	0.01	28	0.00	-50	0.01	28	0.00	-50
GRCh38:chr22:18000000:A:C	ENSG00000243156	0.00	-50	0.00	-50	0.00	28	0.00	-50
GRCh38:chr22:19500000:A:C	ENSG00000093009	0.00	-50	0.00	-50	0.00	-36	0.00	-50
GRCh38:chr22:20000000:G:T	ENSG00000099889	0.00	-50	0.00	-50	0.00	-18	0.00	-50
GRCh38:chr22:20500000:G:T	ENSG00000099917	0.00	-50	0.00	-50	0.00	-1	0.00	-50
GRCh38:chr22:21000000:C:G	ENSG00000184436	0.00	-50	0.00	-50	0.00	-15	0.00	-50
GRCh38:chr22:22500000:A:C	ENSG00000275004	0.00	-50	0.00	-50	0.00	1	0.00	-50
GRCh38:chr22:24000000:A:C	ENSG00000276950	0.00	-50	0.00	-50	0.00	-12	0.00	-50
GRCh38:chr22:24500000:C:G	ENSG00000100024	0.00	-50	0.00	-50	0.00	5	0.00	-50
GRCh38:chr22:25000000:T:A	ENSG00000197077	0.00	-50	0.00	-50	0.00	4	0.00	-50
GRCh38:chr22:26000000:C:G	ENSG00000133454	0.00	-50	0.00	-50	0.00	15	0.00	-50
GRCh38:chr22:26500000:T:A	ENSG00000100109	0.00	-50	0.00	-50	0.00	-1	0.00	-50
GRCh38:chr22:28000000:T:A	ENSG00000100154	0.00	-50	0.00	-50	0.00	-8	0.00	-50
GRCh38:chr22:28500000:T:A	ENSG00000100154	0.00	-50	0.00	-50	0.00	-18	0.00	-50
GRCh38:chr22:29000000:T:A	ENSG00000183579	0.00	-50	0.00	-50	0.00	5	0.00	-50
GRCh38:chr22:30000000:A:C	ENSG00000100330	0.00	-50	0.00	-50	0.00	-24	0.00	-50
GRCh38:chr22:30500000:G:T	ENSG00000133488	0.00	-50	0.00	-50	0.00	1	0.00	-50
GRCh38:chr22:31500000:A:C	ENSG00000185721	0.00	-50	0.00	-50	0.00	3	0.00	-50
GRCh38:chr22:31500000:A:C	ENSG00000198089	0.00	-50	0.00	-50	0.00	3	0.00	-50
GRCh38:chr22:33000000:T:A	ENSG00000185666	0.00	-50	0.00	-50	0.00	-8	0.00	-50
GRCh38:chr22:33500000:C:G	ENSG00000133424	0.00	-50	0.00	-50	0.00	5	0.00	-50
GRCh38:chr22:36000000:T:A	ENSG00000100320	0.00	-50	0.00	-50	0.00	12	0.00	-50
GRCh38:chr22:36500000:C:G	ENSG00000100350	0.00	-50	0.00	-50	0.00	-21	0.00	-49
GRCh38:chr22:37000000:G:T	ENSG00000185264	0.00	-50	-0.04	-16	0.00	-25	-0.04	-16
GRCh38:chr22:37500000:G:T	ENSG00000100065	0.00	-50	0.00	-50	0.00	-16	0.00	-50
GRCh38:chr22:38000000:A:C	ENSG00000100142	0.00	-50	0.00	-50	0.00	-6	0.00	-50
GRCh38:chr22:38500000:A:C	ENSG00000100201	0.35	0	0.00	-50	0.35	0	0.00	-50
GRCh38:chr22:39500000:C:G	ENSG00000100335	0.00	-50	0.00	-50	0.00	16	0.00	-50
GRCh38:chr22:40000000:G:T	ENSG00000133477	0.00	-50	0.00	-50	0.00	-13	0.00	-50
GRCh38:chr22:40500000:G:T	ENSG00000196588	0.01	-2	0.00	-50	0.01	-2	0.00	-50
GRCh38:chr22:41500000:T:A	ENSG00000100412	0.00	-50	0.00	-50	0.00	-23	0.00	-50
GRCh38:chr22:42000000:C:G	ENSG00000183066	0.00	-50	0.00	-50	0.00	2	0.00	-50
GRCh38:chr22:43000000:C:G	ENSG00000100266	0.00	-50	0.00	-50	0.00	-44	0.00	-49
GRCh38:chr22:43500000:G:T	ENSG00000186732	0.00	-50	0.00	-50	0.00	6	0.00	-50
GRCh38:chr22:44000000:C:G	ENSG00000100347	0.00	-50	0.00	-50	0.00	-4	0.00	-50
GRCh38:chr22:44000000:C:G	ENSG00000188677	0.00	-50	0.00	-50	0.00	-4	0.00	-50
GRCh38:chr22:45000000:G:T	ENSG00000056487	0.00	-50	0.00	-50	0.00	-10	0.00	-50
GRCh38:chr22:46500000:G:T	ENSG00000075275	0.00	-50	0.00	-50	0.00	-5	0.00	-50
GRCh38:chr22:47000000:G:T	ENSG00000054611	0.00	-50	0.00	-50	0.00	8	0.00	-49
GRCh38:chr22:48500000:A:C	ENSG00000219438	0.02	-15	0.00	-50	0.02	-15	0.00	-50
GRCh38:chr22:50000000:G:T	ENSG00000188263	0.02	28	-0.04	-33	0.02	28	-0.04	-33
GRCh38:chrX:1500000:A:C	ENSG00000182162	0.00	-50	0.00	-50	0.00	7	0.00	-50
GRCh38:chrX:2500000:A:C	ENSG00000169084	0.01	17	0.00	-50	0.01	17	0.00	-50
GRCh38:chrX:2500000:A:C	ENSG00000214717	0.01	17	0.00	-50	0.01	17	0.00	-50
GRCh38:chrX:6000000:A:C	ENSG00000146938	0.00	-50	0.00	-50	0.00	-21	0.00	-50
GRCh38:chrX:7000000:T:A	ENSG00000130021	0.00	-50	0.00	-50	0.00	14	0.00	-50
GRCh38:chrX:7500000:T:A	ENSG00000101846	0.00	-50	0.00	-50	0.00	26	0.00	-50
GRCh38:chrX:9500000:C:G	ENSG00000101849	0.00	-50	0.00	-50	0.00	0	0.00	-50
GRCh38:chrX:10500000:A:C	ENSG00000101871	0.00	-50	0.00	-50	0.00	-8	0.00	-50
GRCh38:chrX:11500000:T:A	ENSG00000047648	0.00	-50	0.00	-50	0.00	12	0.00	-50
GRCh38:chrX:12000000:A:C	ENSG00000169933	0.00	-50	0.00	-50	0.00	10	0.00	-49
GRCh38:chrX:12500000:T:A	ENSG00000169933	0.00	-50	0.00	-50	0.00	37	0.00	-50
GRCh38:chrX:15500000:T:A	ENSG00000102010	0.00	-50	0.00	-50	0.00	-35	0.00	-50
GRCh38:chrX:15500000:T:A	ENSG00000130234	0.01	23	0.00	-50	0.01	23	0.00	-50
GRCh38:chrX:17000000:T:A	ENSG00000169891	0.00	-50	0.00	-50	0.00	-3	0.00	-50
GRCh38:chrX:17500000:G:T	ENSG00000188158	0.00	-50	0.00	-50	0.00	49	0.00	-50
GRCh38:chrX:18500000:T:A	ENSG00000008086	0.00	-50	0.00	-50	0.00	39	0.00	-50
GRCh38:chrX:19000000:T:A	ENSG00000173698	0.00	-50	0.00	-50	0.00	-13	0.00	-40
GRCh38:chrX:19500000:A:C	ENSG00000180815	0.00	-50	0.00	-50	0.00	2	0.00	-49
GRCh38:chrX:21500000:G:T	ENSG00000149970	0.00	-50	0.00	-50	0.00	-26	0.00	-50
GRCh38:chrX:23000000:C:G	ENSG00000184735	0.01	-26	0.00	-50	0.01	-26	0.00	-40
GRCh38:chrX:24000000:T:A	ENSG00000174010	0.00	-50	0.00	-50	0.00	6	0.00	-50
GRCh38:chrX:24500000:C:G	ENSG00000067992	0.00	-50	0.00	-50	0.00	7	0.00	-50
GRCh38:chrX:29000000:C:G	ENSG00000169306	0.00	-50	0.00	-50	0.00	-1	0.00	-50
GRCh38:chrX:29500000:G:T	ENSG00000169306	0.00	-50	0.00	-50	0.00	3	0.00	-50
GRCh38:chrX:31500000:A:C	ENSG00000198947	0.00	-50	0.00	-50	0.00	3	0.00	-50
GRCh38:chrX:32000000:G:T	ENSG00000198947	0.00	-50	0.00	-50	0.00	11	0.00	-49
GRCh38:chrX:32500000:A:C	ENSG00000198947	0.00	-50	0.00	-50	0.00	5	0.00	-50
GRCh38:chrX:33000000:T:A	ENSG00000198947	0.00	-50	0.00	-50	0.00	15	0.00	-49
GRCh38:chrX:36000000:A:C	ENSG00000165164	0.00	-50	0.00	-50	0.00	-3	0.00	-50
GRCh38:chrX:37500000:C:G	ENSG00000250349	0.00	-50	0.00	-50	0.00	39	0.00	-50
GRCh38:chrX:38000000:T:A	ENSG00000250349	0.00	-50	0.00	-50	0.00	14	0.00	-50
GRCh38:chrX:38500000:T:A	ENSG00000250349	0.00	-50	0.00	-50	0.00	-7	0.00	-50
GRCh38:chrX:45000000:T:A	ENSG00000147050	0.00	-50	0.00	-50	0.00	-2	0.00	-50
GRCh38:chrX:46500000:C:G	ENSG00000251192	0.00	-50	0.00	-50	0.00	14	0.00	-50
GRCh38:chrX:47000000:A:C	ENSG00000102221	0.00	-50	0.00	-50	0.00	19	0.00	-50
GRCh38:chrX:48000000:G:T	ENSG00000147118	0.00	-50	0.00	-50	0.00	-21	0.00	-50
GRCh38:chrX:48000000:G:T	ENSG00000197779	0.00	-50	0.00	-50	0.00	-4	0.00	-50
GRCh38:chrX:48000000:G:T	ENSG00000221994	0.00	-50	0.00	-50	0.00	-21	0.00	-50
GRCh38:chrX:49000000:T:A	ENSG00000068400	0.04	2	0.00	-50	0.04	2	0.00	-50
GRCh38:chrX:50000000:A:C	ENSG00000171365	0.01	10	0.00	-50	0.01	10	0.00	-50
GRCh38:chrX:52500000:A:C	ENSG00000204379	0.00	-50	0.00	-50	0.00	-10	0.00	-50
GRCh38:chrX:54000000:C:G	ENSG00000172943	0.00	-50	0.00	-50	0.00	-4	0.00	-50
GRCh38:chrX:65000000:G:T	ENSG00000126970	0.00	-50	0.00	-50	0.00	-15	0.00	-49
GRCh38:chrX:65500000:A:C	ENSG00000001497	0.06	-2	0.00	-50	0.06	-2	0.00	-50
GRCh38:chrX:65500000:A:C	ENSG00000102053	0.00	-50	0.00	-50	0.00	-5	0.00	-11
GRCh38:chrX:68000000:T:A	ENSG00000079482	0.00	-50	0.00	-50	0.00	-8	0.00	-50
GRCh38:chrX:68500000:A:C	ENSG00000181704	0.00	-50	0.00	-50	0.00	-24	0.00	-50
GRCh38:chrX:70000000:C:G	ENSG00000158813	0.00	-50	0.00	-50	0.00	-2	0.00	-49
GRCh38:chrX:70500000:A:C	ENSG00000082458	0.00	-50	0.00	-50	0.00	9	0.00	49
GRCh38:chrX:71500000:A:C	ENSG00000147133	0.00	-50	0.00	-50	0.00	2	0.00	-50
GRCh38:chrX:72000000:A:C	ENSG00000204131	0.00	-50	0.00	-50	0.00	-6	0.00	-50
GRCh38:chrX:72500000:A:C	ENSG00000147099	0.00	-50	0.00	-50	0.00	0	0.00	-48
GRCh38:chrX:72500000:A:C	ENSG00000285547	0.00	-50	0.00	-50	0.00	0	0.00	-48
GRCh38:chrX:74500000:C:G	ENSG00000147100	0.00	-50	0.00	-50	0.00	-22	0.00	-50
GRCh38:chrX:75500000:A:C	ENSG00000102383	0.00	-50	0.00	-50	0.00	-19	0.00	-50
GRCh38:chrX:78000000:T:A	ENSG00000102144	0.00	-50	0.00	-50	0.00	0	0.00	-50
GRCh38:chrX:78000000:T:A	ENSG00000165240	0.00	-50	0.00	-50	0.00	0	0.00	-50
GRCh38:chrX:84500000:A:C	ENSG00000165259	0.00	-50	0.00	-50	0.00	-5	0.00	-50
GRCh38:chrX:86000000:A:C	ENSG00000188419	0.00	-50	0.00	-50	0.00	-15	0.00	-50
GRCh38:chrX:86500000:A:C	ENSG00000126733	0.00	-50	0.00	-50	0.00	16	0.00	-50
GRCh38:chrX:92000000:A:C	ENSG00000102290	0.00	-50	0.00	-50	0.00	-23	0.00	-50
GRCh38:chrX:92500000:A:C	ENSG00000102290	0.00	-50	0.00	-50	0.00	6	0.00	-50
GRCh38:chrX:97000000:T:A	ENSG00000147202	0.01	8	0.00	-50	0.01	8	0.00	-50
GRCh38:chrX:97500000:T:A	ENSG00000147202	0.00	-50	0.00	-50	0.00	-43	0.00	-50
GRCh38:chrX:101500000:C:G	ENSG00000196440	0.01	0	0.00	-50	0.01	43	0.00	-50
GRCh38:chrX:103500000:G:T	ENSG00000172476	0.00	-50	0.00	-50	0.00	19	0.00	-50
GRCh38:chrX:105000000:T:A	ENSG00000189108	0.00	-50	0.00	-50	0.00	-7	0.00	-50
GRCh38:chrX:105500000:A:C	ENSG00000189108	0.00	-50	0.00	-50	0.00	1	0.00	-50
GRCh38:chrX:107000000:C:G	ENSG00000133131	0.00	-50	0.00	-50	0.00	-7	0.00	-50
GRCh38:chrX:107500000:T:A	ENSG00000147234	0.00	-50	0.00	-50	0.00	-3	0.00	-50
GRCh38:chrX:108500000:T:A	ENSG00000188153	0.00	-50	0.00	-50	0.00	26	0.00	-50
GRCh38:chrX:111000000:C:G	ENSG00000077264	0.00	-50	0.00	-50	0.00	3	0.00	-50
GRCh38:chrX:112000000:C:G	ENSG00000072315	0.00	-50	0.00	-50	0.00	-16	0.00	-50
GRCh38:chrX:118000000:A:C	ENSG00000003096	0.00	-50	0.00	-50	0.00	-1	0.00	-50
GRCh38:chrX:118500000:G:T	ENSG00000147251	0.00	-50	0.00	-50	0.00	24	0.00	-50
GRCh38:chrX:119000000:A:C	ENSG00000175556	0.00	-50	0.00	-50	0.00	2	0.00	-50
GRCh38:chrX:124000000:C:G	ENSG00000101972	0.00	-50	0.00	-50	0.00	8	0.00	-50
GRCh38:chrX:124500000:C:G	ENSG00000009694	0.00	-50	0.00	-50	0.00	4	0.00	-50
GRCh38:chrX:129500000:A:C	ENSG00000102038	0.00	-50	0.00	-50	0.00	-35	0.00	-50
GRCh38:chrX:130000000:A:C	ENSG00000085185	0.00	-50	0.00	-50	0.00	-10	0.00	-50
GRCh38:chrX:131500000:C:G	ENSG00000147255	0.00	-50	0.00	-50	0.00	50	0.00	-50
GRCh38:chrX:134500000:A:C	ENSG00000165704	0.02	-12	-0.09	30	0.02	-12	-0.09	30
GRCh38:chrX:136000000:T:A	ENSG00000198689	0.00	-50	0.00	-50	0.00	2	0.00	-50
GRCh38:chrX:136500000:C:G	ENSG00000102241	0.01	-1	0.00	-50	0.01	-1	0.00	-50
GRCh38:chrX:139000000:C:G	ENSG00000129682	0.00	-50	0.00	-50	0.00	-5	0.00	-50
GRCh38:chrX:148000000:A:C	ENSG00000176988	0.00	-50	0.00	-50	0.00	-22	0.00	-50
GRCh38:chrX:149000000:G:T	ENSG00000155966	0.00	-50	0.00	-50	0.00	5	0.00	-50
GRCh38:chrX:149500000:C:G	ENSG00000010404	0.00	-50	0.00	-50	0.00	1	0.00	-50
GRCh38:chrX:149500000:C:G	ENSG00000241489	0.00	-50	0.00	-50	0.00	1	0.00	-50
GRCh38:chrX:150500000:C:G	ENSG00000013619	0.00	-50	0.00	-50	0.00	21	0.00	-49
GRCh38:chrX:153500000:C:G	ENSG00000182492	0.00	-50	0.00	-50	0.00	49	0.00	-50
GRCh38:chrX:155000000:A:C	ENSG00000185010	0.00	-50	0.00	-50	0.00	-10	0.00	-50
GRCh38:chrX:155500000:A:C	ENSG00000185973	0.00	-50	0.00	-50	0.00	9	0.00	-49
GRCh38:chrX:156000000:C:G	ENSG00000124334	0.00	-50	0.00	-50	0.00	7	0.00	-50
GRCh38:chrY:5500000:G:T	ENSG00000099715	0.00	-50	0.00	-50	0.00	-10	0.00	-49
GRCh38:chrY:7000000:T:A	ENSG00000092377	0.00	-50	0.00	-50	0.00	26	0.00	-50
GRCh38:chrY:22500000:C:G	ENSG00000169789	0.00	-50	0.00	-50	0.00	9	0.00	-50
GRCh38:chrY:23000000:A:C	ENSG00000183753	0.00	-50	0.00	-50	0.00	-50	0.00	-50
